,Symbol,Series,Date,Prev Close,Open Price,High Price,Low Price,Last Price,Close Price,Average Price,Total Traded Quantity,Turnover,No. of Trades,Deliverable Qty,% Dly Qt to Traded Qty,Month,Year,VWAP,Day_Perc_Change,Trend
0,IGL,EQ,2017-05-15,994.5,995.1,1008.0,995.1,       1002.00,1000.25,1001.54,314597,315080426.8,6153,172367,54.79,5,2017,1000.25,0.0,Slight or No change
1,IGL,EQ,2017-05-16,1000.25,1007.6,1009.0,988.5,       1006.00,1005.8,998.3,178249,177945444.15,10293,71551,40.14,5,2017,1002.2572841212062,0.0055486128467883145,Slight or No change
2,IGL,EQ,2017-05-17,1005.8,1009.0,1027.0,1008.9,       1019.65,1019.1,1020.26,337329,344162611.1,12173,123163,36.51,5,2017,1009.101065859608,0.013223304831974536,Slight or No change
3,IGL,EQ,2017-05-18,1019.1,1019.1,1019.1,999.1,       1000.05,1002.55,1008.46,168584,170010077.2,5294,62676,37.18,5,2017,1007.9952887032807,-0.016239819448533033,Slight or No change
4,IGL,EQ,2017-05-19,1002.55,1005.0,1010.85,993.0,       1002.60,1000.15,1001.42,149678,149890520.95,5053,38134,25.48,5,2017,1006.9727971582246,-0.0023938955663058703,Slight or No change
5,IGL,EQ,2017-05-22,1000.15,1002.0,1007.55,979.3,        995.00,987.2,987.27,263534,260179705.7,10908,115685,43.9,5,2017,1003.2823500270189,-0.012948057791331236,Slight or No change
6,IGL,EQ,2017-05-23,987.2,988.5,995.5,966.8,        980.85,981.45,981.17,350503,343902033.55,8861,112562,32.11,5,2017,998.9405531088686,-0.005824554294975637,Slight or No change
7,IGL,EQ,2017-05-24,981.45,981.45,988.9,971.2,        980.00,982.65,980.94,295155,289529424.95,6138,162414,55.03,5,2017,996.6037673215143,0.0012226807274948737,Slight or No change
8,IGL,EQ,2017-05-25,982.65,990.7,992.6,967.8,        992.60,984.45,982.31,475055,466652013.5,8189,231162,48.66,5,2017,994.3240877661801,0.0018317814074186867,Slight or No change
9,IGL,EQ,2017-05-26,984.45,986.0,1032.95,985.15,       1032.95,1026.05,1017.35,555552,565191964.45,16387,237048,42.67,5,2017,1000.0313568975946,0.04225709787190812,Slight or No change
10,IGL,EQ,2017-05-29,1026.05,1034.0,1048.9,1010.4,       1027.85,1026.05,1033.34,866262,895141275.95,20636,395910,45.7,5,2017,1005.7309328769417,0.0,Slight or No change
11,IGL,EQ,2017-05-30,1026.05,1027.2,1064.9,1022.9,       1064.00,1059.8,1048.4,336537,352824381.45,9178,109585,32.56,5,2017,1009.9714579815825,0.03289313386287218,Slight or No change
12,IGL,EQ,2017-05-31,1059.8,1067.0,1085.0,1064.1,       1073.95,1074.35,1075.89,477726,513982585.25,15525,170154,35.62,5,2017,1016.4207858812803,0.013729005472730593,Slight or No change
13,IGL,EQ,2017-06-01,1074.35,1073.7,1073.7,1052.0,       1060.00,1063.9,1061.16,187826,199313141.0,7374,66469,35.39,6,2017,1018.2199736835043,-0.009726811560478277,Slight or No change
14,IGL,EQ,2017-06-02,1063.9,1063.0,1096.45,1063.0,       1086.45,1088.35,1088.18,521589,567580554.35,13671,165078,31.65,6,2017,1024.8972053563082,0.022981483222107135,Slight or No change
15,IGL,EQ,2017-06-05,1088.35,1089.0,1094.0,1075.45,       1087.65,1085.25,1085.28,168623,183003387.25,7515,66077,39.19,6,2017,1026.699442214961,-0.0028483484173289497,Slight or No change
16,IGL,EQ,2017-06-06,1085.25,1102.0,1121.15,1087.8,       1118.00,1116.75,1105.33,604141,667777090.85,18715,155176,25.69,6,2017,1035.402650697335,0.029025570145127855,Slight or No change
17,IGL,EQ,2017-06-07,1116.75,1121.9,1126.95,1099.8,       1101.80,1106.2,1110.69,228740,254059219.1,5988,100263,43.83,6,2017,1037.9018768442268,-0.009447056189836545,Slight or No change
18,IGL,EQ,2017-06-08,1106.2,1101.0,1112.95,1088.15,       1093.00,1095.95,1096.88,236332,259227335.2,6986,117285,49.63,6,2017,1039.9445517295085,-0.009265955523413472,Slight or No change
19,IGL,EQ,2017-06-09,1095.95,1093.95,1106.3,1080.3,       1097.00,1098.7,1095.92,194482,213137539.3,6405,58958,30.32,6,2017,1041.598106032651,0.002509238560153282,Slight or No change
20,IGL,EQ,2017-06-12,1098.7,1090.0,1097.3,1069.05,       1073.00,1073.55,1080.18,260060,280911725.2,7384,134239,51.62,6,2017,1042.7569299596655,-0.022890688996086372,Slight or No change
21,IGL,EQ,2017-06-13,1073.55,1075.0,1106.0,1066.55,       1089.90,1090.95,1089.86,467237,509221604.65,11342,122927,26.31,6,2017,1045.705110325747,0.01620790834148389,Slight or No change
22,IGL,EQ,2017-06-14,1090.95,1087.0,1089.95,1071.0,       1074.00,1073.6,1075.05,266151,286125997.65,9477,161605,60.72,6,2017,1046.6444204550082,-0.01590357028278122,Slight or No change
23,IGL,EQ,2017-06-15,1073.6,1080.0,1080.25,1060.5,       1065.85,1063.5,1068.27,166183,177528861.35,5899,52555,31.62,6,2017,1046.9915167856755,-0.00940760059612511,Slight or No change
24,IGL,EQ,2017-06-16,1063.5,1072.9,1078.0,1055.15,       1058.65,1060.45,1068.57,206296,220442269.7,5381,56061,27.18,6,2017,1047.3269795724502,-0.0028678890456040884,Slight or No change
25,IGL,EQ,2017-06-19,1060.45,1064.5,1076.05,1055.6,       1072.00,1069.7,1069.07,361188,386134725.3,8745,240218,66.51,6,2017,1048.262523946152,0.008722712056202564,Slight or No change
26,IGL,EQ,2017-06-20,1069.7,1070.0,1106.4,1070.0,       1090.90,1086.35,1093.81,567241,620454475.4,14160,121823,21.48,6,2017,1050.609632047236,0.01556511171356445,Slight or No change
27,IGL,EQ,2017-06-21,1086.35,1094.7,1103.0,1087.0,       1094.20,1093.7,1094.0,291283,318663829.45,10921,85634,29.4,6,2017,1051.9313797153009,0.006765775302618904,Slight or No change
28,IGL,EQ,2017-06-22,1093.7,1097.85,1104.0,1066.55,       1073.10,1077.2,1090.62,216983,236645206.65,6715,47025,21.67,6,2017,1052.4958598507421,-0.0150864039498948,Slight or No change
29,IGL,EQ,2017-06-23,1077.2,1079.9,1079.9,1050.0,       1070.00,1068.0,1064.08,221319,235500567.4,7678,83851,37.89,6,2017,1052.8412605497947,-0.008540660972892744,Slight or No change
30,IGL,EQ,2017-06-27,1068.0,1062.5,1069.5,1045.6,       1048.00,1052.2,1052.69,173214,182340387.95,5289,60886,35.15,6,2017,1052.8302713172964,-0.01479400749063664,Slight or No change
31,IGL,EQ,2017-06-28,1052.2,1041.1,1051.45,1030.2,       1037.05,1036.15,1040.35,173255,180245017.15,5743,61115,35.27,6,2017,1052.549173428718,-0.015253754039155965,Slight or No change
32,IGL,EQ,2017-06-29,1036.15,1044.0,1062.0,1040.55,       1052.90,1052.75,1054.04,365656,385415139.7,13277,40939,11.2,6,2017,1052.5560708153619,0.01602084640254775,Slight or No change
33,IGL,EQ,2017-06-30,1052.75,1049.5,1063.5,1037.8,       1055.00,1056.65,1051.36,220355,231672922.75,7376,91116,41.35,6,2017,1052.6390858905218,0.0037045832343862717,Slight or No change
34,IGL,EQ,2017-07-03,1056.65,1056.95,1064.95,1047.05,       1051.05,1052.35,1054.14,254866,268663317.9,10827,159833,62.71,7,2017,1052.6324612173175,-0.004069464818057256,Slight or No change
35,IGL,EQ,2017-07-04,1052.35,1059.65,1067.1,1050.05,       1060.60,1062.0,1059.25,227822,241320498.95,8696,71962,31.59,7,2017,1052.8204969944763,0.009169952962417627,Slight or No change
36,IGL,EQ,2017-07-05,1062.0,1065.75,1079.0,1060.5,       1076.80,1072.0,1069.98,223932,239601678.25,9944,62483,27.9,7,2017,1053.1915940246433,0.009416195856873921,Slight or No change
37,IGL,EQ,2017-07-06,1072.0,1074.0,1081.35,1063.45,       1073.00,1073.4,1070.76,364281,390058360.5,11691,190224,52.22,7,2017,1053.8082510695424,0.0013059701492537101,Slight or No change
38,IGL,EQ,2017-07-07,1073.4,1068.0,1079.3,1068.0,       1074.50,1072.35,1074.44,173620,186544872.25,5361,97907,56.39,7,2017,1054.0740509672014,-0.0009782001117945027,Slight or No change
39,IGL,EQ,2017-07-10,1072.35,1072.0,1081.0,1070.0,       1070.75,1072.3,1073.14,20737,22253776.5,621,10856,52.35,7,2017,1054.1052037957256,-4.6626567818286446e-05,Slight or No change
40,IGL,EQ,2017-07-11,1072.3,1077.95,1127.95,1065.05,       1121.90,1117.75,1106.26,1053435,1165376227.1,31674,280808,26.66,7,2017,1059.1899640805339,0.04238552643849669,Slight or No change
41,IGL,EQ,2017-07-12,1117.75,1130.0,1135.0,1112.3,       1120.35,1121.2,1122.95,687402,771914830.3,15916,209311,30.45,7,2017,1062.262536125902,0.003086557817043145,Slight or No change
42,IGL,EQ,2017-07-13,1121.2,1124.0,1135.25,1117.0,       1124.00,1125.1,1128.35,299252,337659533.5,10024,62123,20.76,7,2017,1063.5893699608432,0.003478415982875349,Slight or No change
43,IGL,EQ,2017-07-14,1125.1,1126.9,1141.2,1114.1,       1120.00,1121.85,1126.82,258939,291777865.9,8388,39873,15.4,7,2017,1064.6347402859956,-0.0028886321215891853,Slight or No change
44,IGL,EQ,2017-07-17,1121.85,1157.85,1163.45,1135.9,       1149.80,1145.3,1150.48,741275,852818712.45,18663,180053,24.29,7,2017,1068.575767471967,0.020902972768195527,Slight or No change
45,IGL,EQ,2017-07-18,1145.3,1147.45,1148.7,1122.15,       1125.60,1128.6,1134.32,123041,139567341.6,6595,34822,28.3,7,2017,1069.0586175511426,-0.014581332401990776,Slight or No change
47,IGL,EQ,2017-07-19,1128.6,1130.0,1152.45,1128.6,       1132.00,1134.1,1139.95,354197,403768013.15,16478,96711,27.3,7,2017,1070.5306867876309,0.004873294346978474,Slight or No change
48,IGL,EQ,2017-07-20,1134.1,1141.0,1143.6,1120.0,       1120.65,1124.8,1129.93,121388,137159526.6,4478,31949,26.32,7,2017,1070.9483902171198,-0.008200335067454323,Slight or No change
49,IGL,EQ,2017-07-21,1124.8,1128.0,1150.9,1115.0,       1145.25,1146.2,1131.45,481999,545358064.75,18747,178329,37.0,7,2017,1073.1800382370109,0.019025604551920372,Slight or No change
50,IGL,EQ,2017-07-24,1146.2,1144.0,1145.0,1128.3,       1136.00,1135.9,1137.95,80468,91568376.35,2718,19942,24.78,7,2017,1073.4890307103121,-0.008986215320188395,Slight or No change
51,IGL,EQ,2017-07-25,1135.9,1138.95,1140.25,1122.3,       1122.50,1124.4,1128.46,126328,142555892.65,6216,33886,26.82,7,2017,1073.8797671121515,-0.010124130645303264,Slight or No change
53,IGL,EQ,2017-07-26,1124.4,1138.0,1141.25,1126.0,       1134.95,1131.8,1132.35,198628,224915876.2,11501,70281,35.38,7,2017,1074.5703792772772,0.006581287797936541,Slight or No change
55,IGL,EQ,2017-07-27,1131.8,1144.0,1190.0,1142.0,       1179.95,1177.0,1171.49,1180221,1382613917.95,47763,558066,47.28,7,2017,1081.3471779042095,0.0399363845202334,Slight or No change
56,IGL,EQ,2017-07-28,1177.0,1177.0,1228.6,1170.0,       1190.00,1190.65,1200.29,1053940,1265031002.65,31301,517121,49.07,7,2017,1087.4447024340534,0.011597281223449496,Slight or No change
57,IGL,EQ,2017-07-31,1190.65,1190.0,1202.85,1167.45,       1179.20,1179.1,1177.37,453377,533792314.95,23443,272436,60.09,7,2017,1089.5926538722636,-0.009700583714777777,Slight or No change
58,IGL,EQ,2017-08-01,1179.1,1185.0,1200.0,1170.3,       1191.95,1189.95,1182.42,331050,391438778.7,13825,134859,40.74,8,2017,1091.281077343511,0.00920193367822919,Slight or No change
59,IGL,EQ,2017-08-02,1189.95,1191.9,1204.5,1170.3,       1174.00,1176.9,1187.3,402755,478190784.9,16767,153774,38.18,8,2017,1092.9983918793691,-0.010966847346527087,Slight or No change
60,IGL,EQ,2017-08-03,1176.9,1179.9,1201.5,1174.1,       1185.00,1184.45,1189.34,314099,373568957.65,13716,72524,23.09,8,2017,1094.4068897287127,0.006415158467159454,Slight or No change
61,IGL,EQ,2017-08-04,1184.45,1182.0,1190.0,1174.5,       1185.00,1180.25,1180.17,166937,197013984.2,7601,66756,39.99,8,2017,1095.1038625514716,-0.003545949596859388,Slight or No change
62,IGL,EQ,2017-08-07,1180.25,1186.0,1214.3,1185.0,       1200.25,1196.4,1199.67,404513,485283140.4,14749,120349,29.75,8,2017,1097.0583003977458,0.013683541622537598,Slight or No change
63,IGL,EQ,2017-08-08,1196.4,1200.15,1232.5,1170.85,       1230.00,1225.1,1210.96,464506,562499783.05,15087,110288,23.74,8,2017,1099.8336784387889,0.02398863256435968,Slight or No change
64,IGL,EQ,2017-08-09,1225.1,1225.0,1282.5,1221.95,       1230.10,1231.0,1253.09,894729,1121180282.95,23599,242101,27.06,8,2017,1105.0905716581833,0.0048159333931925286,Slight or No change
65,IGL,EQ,2017-08-10,1231.0,1228.0,1247.5,1201.0,       1212.85,1214.2,1222.88,381209,466171112.6,14260,106503,27.94,8,2017,1106.9224112906356,-0.013647441104792768,Slight or No change
66,IGL,EQ,2017-08-11,1214.2,1200.0,1231.25,1161.5,       1228.60,1215.5,1206.62,763856,921687551.0,20924,183131,23.97,8,2017,1110.45622648752,0.0010706638115631772,Slight or No change
67,IGL,EQ,2017-08-14,1215.5,1239.4,1305.65,1220.0,       1297.00,1295.65,1281.03,1319880,1690810875.8,33600,514979,39.02,8,2017,1120.3165545026811,0.0659399424105307,Slight or No change
68,IGL,EQ,2017-08-16,1295.65,1310.0,1318.85,1267.5,       1275.50,1274.35,1280.77,548009,701875007.5,14451,253255,46.21,8,2017,1123.6480339815846,-0.016439624898699656,Slight or No change
69,IGL,EQ,2017-08-17,1274.35,1275.95,1297.95,1271.4,       1276.95,1274.35,1281.0,315664,404366316.1,12267,135743,43.0,8,2017,1125.5024246850403,0.0,Slight or No change
70,IGL,EQ,2017-08-18,1274.35,1274.35,1288.95,1261.0,       1280.00,1277.5,1280.37,318892,408299000.1,16549,156099,48.95,8,2017,1127.3686848287796,0.0024718483932986146,Slight or No change
71,IGL,EQ,2017-08-21,1277.5,1280.05,1287.0,1252.5,       1260.00,1256.25,1259.91,513825,647373696.3,11005,372118,72.42,8,2017,1129.8689670258468,-0.016634050880626194,Slight or No change
72,IGL,EQ,2017-08-22,1256.25,1269.0,1271.8,1255.0,       1259.95,1259.3,1262.08,240134,303069149.3,15115,111010,46.23,8,2017,1131.031903902179,0.0024278606965173477,Slight or No change
73,IGL,EQ,2017-08-23,1259.3,1261.7,1274.0,1238.65,       1273.30,1268.25,1255.49,201675,253200603.15,15086,61849,30.67,8,2017,1132.059595122453,0.0071071230048440626,Slight or No change
74,IGL,EQ,2017-08-24,1268.25,1273.2,1273.95,1245.15,       1250.00,1251.85,1254.11,302133,378908532.15,12896,155942,51.61,8,2017,1133.3887441774089,-0.012931204415533304,Slight or No change
75,IGL,EQ,2017-08-28,1251.85,1251.5,1261.0,1240.0,       1249.00,1242.75,1248.19,446505,557321671.05,14413,285511,63.94,8,2017,1135.1530736257425,-0.007269241522546599,Slight or No change
76,IGL,EQ,2017-08-29,1242.75,1243.05,1258.0,1218.5,       1241.00,1241.55,1236.26,437774,541203424.15,13445,232207,53.04,8,2017,1136.809809182603,-0.0009656004828002551,Slight or No change
77,IGL,EQ,2017-08-30,1241.55,1250.0,1268.0,1245.15,       1258.00,1256.85,1261.05,304413,383881218.9,10362,124059,40.75,8,2017,1138.0956490059812,0.01232330554548744,Slight or No change
78,IGL,EQ,2017-08-31,1256.85,1268.5,1290.0,1259.05,       1273.00,1275.6,1278.98,495334,633522486.75,16432,170762,34.47,8,2017,1140.451279019076,0.01491824800095487,Slight or No change
79,IGL,EQ,2017-09-01,1275.6,1275.7,1290.0,1266.0,       1270.50,1275.0,1281.23,294061,376759686.45,13778,110823,37.69,9,2017,1141.8058911036617,-0.0004703668861711918,Slight or No change
80,IGL,EQ,2017-09-04,1275.0,1275.0,1292.5,1252.55,       1275.00,1262.15,1271.15,269822,342983234.8,10238,76464,28.34,9,2017,1142.9074470641303,-0.010078431372548935,Slight or No change
81,IGL,EQ,2017-09-05,1262.15,1290.0,1324.0,1261.15,       1322.45,1318.75,1305.5,980295,1279772764.45,27483,196587,20.05,9,2017,1148.5669395691457,0.04484411520025344,Slight or No change
82,IGL,EQ,2017-09-06,1318.75,1312.0,1329.45,1301.5,       1305.00,1304.7,1310.94,687813,901679338.55,31193,282132,41.02,9,2017,1152.0149115361596,-0.010654028436018925,Slight or No change
83,IGL,EQ,2017-09-07,1304.7,1312.0,1321.6,1307.45,       1313.95,1311.3,1312.55,218910,287330126.8,25310,119414,54.55,9,2017,1153.1266366693985,0.00505863416877439,Slight or No change
84,IGL,EQ,2017-09-08,1311.3,1314.0,1384.45,1312.45,       1378.50,1374.9,1360.85,1626149,2212939048.05,64996,592314,36.42,9,2017,1164.057996081053,0.04850148707389623,Slight or No change
85,IGL,EQ,2017-09-11,1374.9,1403.9,1403.9,1377.05,       1381.00,1385.1,1386.84,424217,588319776.1,17345,84306,19.87,9,2017,1166.8641954765405,0.007418721361553526,Slight or No change
86,IGL,EQ,2017-09-12,1385.1,1385.1,1441.45,1384.0,       1429.20,1427.85,1425.14,892902,1272512185.15,32891,232542,26.04,9,2017,1173.6566026285784,0.030864197530864113,Slight or No change
87,IGL,EQ,2017-09-13,1427.85,1426.45,1438.9,1378.55,       1416.25,1400.4,1417.12,656176,929879377.15,26608,277900,42.35,9,2017,1177.911902334667,-0.019224708477781127,Slight or No change
88,IGL,EQ,2017-09-14,1400.4,1406.0,1438.0,1406.0,       1427.25,1428.85,1422.17,467615,665027911.25,19084,169083,36.16,9,2017,1181.2236741804668,0.020315624107397845,Slight or No change
89,IGL,EQ,2017-09-15,1428.85,1424.0,1452.5,1408.45,       1436.45,1439.7,1429.72,386908,553171304.7,13959,123694,31.97,9,2017,1184.0156854721326,0.007593519263743742,Slight or No change
90,IGL,EQ,2017-09-18,1439.7,1441.0,1451.85,1430.5,       1448.00,1443.25,1442.72,385226,555771961.3,12720,154627,40.14,9,2017,1186.7740454016619,0.002465791484336899,Slight or No change
91,IGL,EQ,2017-09-19,1443.25,1457.15,1488.0,1451.0,       1486.00,1483.75,1473.23,603841,889596943.25,28088,205681,34.06,9,2017,1191.6459969696714,0.028061666377966477,Slight or No change
92,IGL,EQ,2017-09-20,1483.75,1486.0,1505.5,1474.1,       1500.00,1498.65,1494.38,527101,787690585.0,26439,238419,45.23,9,2017,1195.9803255088502,0.010042122999157632,Slight or No change
93,IGL,EQ,2017-09-21,1498.65,1500.0,1523.9,1484.55,       1519.90,1516.35,1506.57,605914,912851511.75,28172,234446,38.69,9,2017,1201.096610187606,0.011810629566609832,Slight or No change
94,IGL,EQ,2017-09-22,1516.35,1503.5,1510.0,1429.7,       1444.90,1436.4,1459.19,771348,1125545476.0,28136,380012,49.27,9,2017,1205.7850688811627,-0.05272529429221473,Slight or No change
95,IGL,EQ,2017-09-25,1436.4,1439.9,1463.8,1397.0,       1455.55,1453.75,1435.96,531455,763148813.15,21059,133052,25.04,9,2017,1209.1431155384194,0.012078808131439578,Slight or No change
96,IGL,EQ,2017-09-26,1453.75,1463.4,1470.05,1429.95,       1434.35,1435.25,1442.03,365708,527363677.25,19325,148791,40.69,9,2017,1211.2307276481934,-0.012725709372312988,Slight or No change
97,IGL,EQ,2017-09-27,1435.25,1443.0,1446.85,1399.85,       1400.00,1409.45,1412.58,488952,690681596.7,14721,270305,55.28,9,2017,1213.647776383318,-0.017975962375892718,Slight or No change
98,IGL,EQ,2017-09-28,1409.45,1400.15,1469.45,1390.55,       1463.25,1459.1,1434.17,905077,1298037263.2,33633,483872,53.46,9,2017,1219.065690955967,0.03522650679342987,Slight or No change
99,IGL,EQ,2017-09-29,1459.1,1464.8,1507.0,1463.8,       1474.90,1471.9,1483.4,837643,1242556603.4,30189,245336,29.29,9,2017,1224.127339666693,0.008772531012267937,Slight or No change
100,IGL,EQ,2017-10-03,1471.9,1498.95,1498.95,1457.0,       1477.50,1475.55,1473.99,626485,923432536.2,43346,314125,50.14,10,2017,1227.836346662664,0.0024797880290778895,Slight or No change
101,IGL,EQ,2017-10-04,1475.55,1478.7,1478.7,1443.05,       1450.35,1451.1,1455.1,420855,612385924.05,27130,199214,47.34,10,2017,1230.0271852922656,-0.016570092507878442,Slight or No change
102,IGL,EQ,2017-10-05,1451.1,1447.05,1463.4,1434.0,       1436.00,1438.55,1445.84,316474,457569452.65,14161,139906,44.21,10,2017,1231.5546057053893,-0.008648611398249573,Slight or No change
103,IGL,EQ,2017-10-06,1438.55,1435.0,1455.0,1427.55,       1445.00,1442.25,1442.59,366946,529350977.9,12967,192242,52.39,10,2017,1233.3290044445666,0.0025720343401340884,Slight or No change
104,IGL,EQ,2017-10-09,1442.25,1441.5,1460.95,1437.05,       1448.00,1444.85,1450.5,163439,237068238.55,7654,53717,32.87,10,2017,1234.1194595293266,0.0018027387762176161,Slight or No change
105,IGL,EQ,2017-10-10,1444.85,1448.95,1495.0,1445.0,       1493.00,1487.1,1478.28,587342,868257854.6,18257,191198,32.55,10,2017,1237.471835052925,0.029241789805170004,Slight or No change
106,IGL,EQ,2017-10-11,1487.1,1514.0,1541.8,1490.1,       1516.45,1520.25,1525.38,1601249,2442517252.6,50054,583294,36.43,10,2017,1247.3315915361065,0.022291708694775147,Slight or No change
107,IGL,EQ,2017-10-12,1520.25,1531.7,1534.0,1506.0,       1528.35,1528.3,1523.98,366141,557990796.9,17600,145973,39.87,10,2017,1249.5539724351806,0.005295181713533825,Slight or No change
108,IGL,EQ,2017-10-13,1528.3,1539.0,1539.0,1513.4,       1521.05,1521.85,1525.37,298736,455682068.15,10882,113842,38.11,10,2017,1251.2999865986972,-0.004220375580710645,Slight or No change
109,IGL,EQ,2017-10-16,1521.85,1529.95,1533.5,1520.0,       1521.00,1523.25,1527.95,159938,244377564.4,9475,65304,40.83,10,2017,1252.2303899629876,0.0009199329763118769,Slight or No change
110,IGL,EQ,2017-10-17,1523.25,1532.65,1532.65,1486.2,       1500.00,1497.5,1508.46,398556,601205717.5,10216,251836,63.19,10,2017,1254.3037596032377,-0.016904644674216263,Slight or No change
111,IGL,EQ,2017-10-18,1497.5,1497.7,1583.9,1491.55,       1571.40,1573.75,1551.79,1022479,1586667951.85,27748,309804,30.3,10,2017,1261.0845135330635,0.05091819699499167,Slight or No change
112,IGL,EQ,2017-10-19,1573.75,1569.0,1569.0,1547.0,       1548.15,1555.15,1558.02,67527,105208237.8,2921,23016,34.08,10,2017,1261.49617377585,-0.011818903891977706,Slight or No change
113,IGL,EQ,2017-10-23,1555.15,1561.9,1620.75,1557.45,       1617.00,1613.2,1593.86,782829,1247722825.6,34984,212480,27.14,10,2017,1267.112727892306,0.03732758897855515,Slight or No change
114,IGL,EQ,2017-10-24,1613.2,1624.0,1624.0,1590.0,       1591.80,1593.7,1599.32,346452,554088282.85,18346,133484,38.53,10,2017,1269.404701823721,-0.012087775849243698,Slight or No change
115,IGL,EQ,2017-10-25,1593.7,1609.0,1619.95,1545.0,       1564.00,1571.1,1575.13,352181,554732034.9,14345,88492,25.13,10,2017,1271.541751172903,-0.014180837045868144,Slight or No change
116,IGL,EQ,2017-10-26,1571.1,1577.9,1600.0,1552.4,       1598.00,1591.15,1584.21,295516,468158285.2,15508,134881,45.64,10,2017,1273.430200632088,0.012761759276939788,Slight or No change
117,IGL,EQ,2017-10-27,1591.15,1597.8,1609.5,1576.1,       1582.00,1585.75,1591.03,244459,388942768.6,12123,60950,24.93,10,2017,1274.949328623594,-0.00339377180027034,Slight or No change
118,IGL,EQ,2017-10-30,1585.75,1584.55,1624.0,1572.25,       1613.00,1613.9,1608.23,500637,805139518.6,19443,210460,42.04,10,2017,1278.292383991128,0.017751852435756055,Slight or No change
119,IGL,EQ,2017-10-31,1613.9,1615.1,1615.15,1577.0,       1586.05,1585.15,1589.89,407616,648064051.8,28457,199628,48.97,10,2017,1280.7369324004003,-0.017813990953590708,Slight or No change
120,IGL,EQ,2017-11-01,1585.15,1599.0,1611.0,1578.0,       1580.00,1582.8,1590.34,537142,854239863.3,32774,226794,42.22,11,2017,1283.8749969069177,-0.0014825095416838296,Slight or No change
121,IGL,EQ,2017-11-02,1582.8,1588.0,1594.9,1553.55,       1577.00,1571.4,1573.37,314184,494328751.0,18824,143720,45.74,11,2017,1285.6116127888986,-0.007202426080363811,Slight or No change
122,IGL,EQ,2017-11-03,1571.4,1583.9,1596.3,1567.3,       1570.00,1572.7,1582.5,409968,648773556.55,19586,137784,33.61,11,2017,1287.8565299208312,0.0008272877688684233,Slight or No change
123,IGL,EQ,2017-11-06,1572.7,1573.45,1579.95,1553.8,       1557.95,1558.6,1565.81,259683,406613453.7,13872,123950,47.73,11,2017,1289.1909434613876,-0.008965473389712098,Slight or No change
124,IGL,EQ,2017-11-07,1558.6,1565.0,1568.7,1538.5,       1548.00,1549.25,1552.6,395355,613827852.85,21966,236519,59.82,11,2017,1291.1278180122526,-0.0059989734377003945,Slight or No change
125,IGL,EQ,2017-11-08,1549.25,1547.8,1574.5,1542.0,       1572.00,1566.85,1563.87,430337,672991762.3,30768,201268,46.77,11,2017,1293.345075412025,0.011360335646280362,Slight or No change
126,IGL,EQ,2017-11-09,1566.85,316.9,322.75,301.2,        308.90,309.95,310.17,2378295,737664454.7,38409,651547,27.4,11,2017,1251.4999562754242,-0.8021827232983374,Slight or No change
127,IGL,EQ,2017-11-10,309.95,312.0,325.6,307.4,        322.90,321.65,318.83,2941430,937827145.55,31145,1140077,38.76,11,2017,1205.0112034122353,0.03774802387481846,Slight or No change
128,IGL,EQ,2017-11-13,321.65,322.9,325.45,311.1,        315.80,314.4,319.12,1375172,438850458.05,31448,549922,39.99,11,2017,1184.6695013924193,-0.02254002798072441,Slight or No change
129,IGL,EQ,2017-11-14,314.4,316.2,319.0,312.0,        314.50,314.15,315.15,1358975,428277128.1,38050,611267,44.98,11,2017,1165.4545826704698,-0.0007951653944020531,Slight or No change
130,IGL,EQ,2017-11-15,314.15,315.9,315.9,302.1,        303.75,303.75,306.65,1756219,538538186.2,33883,937938,53.41,11,2017,1141.5560764085108,-0.03310520452013366,Slight or No change
131,IGL,EQ,2017-11-16,303.75,305.0,305.8,290.6,        300.00,299.6,297.3,2843967,845520991.7,47856,1294570,45.52,11,2017,1105.3677804570484,-0.01366255144032913,Slight or No change
132,IGL,EQ,2017-11-17,299.6,302.5,304.75,297.15,        302.00,301.8,300.92,1534138,461648548.95,33603,692412,45.13,11,2017,1087.1587566868595,0.007343124165553938,Slight or No change
133,IGL,EQ,2017-11-20,301.8,302.2,307.0,301.1,        305.85,304.85,304.08,1629696,495560812.85,18902,1120107,68.73,11,2017,1068.769924176319,0.010106030483764128,Slight or No change
134,IGL,EQ,2017-11-21,304.85,306.0,311.0,304.65,        309.95,310.05,308.66,1287106,397283795.2,25354,418892,32.55,11,2017,1054.9413747462213,0.017057569296375252,Slight or No change
135,IGL,EQ,2017-11-22,310.05,312.35,312.35,297.3,        307.25,306.95,303.35,3919927,1189116965.65,57621,1650396,42.1,11,2017,1015.6050579231234,-0.009998387356877969,Slight or No change
136,IGL,EQ,2017-11-23,306.95,307.8,309.0,303.3,        305.35,305.1,305.66,1159263,354343775.05,21526,423904,36.57,11,2017,1004.7241313545669,-0.006027040234565795,Slight or No change
137,IGL,EQ,2017-11-24,305.1,307.0,315.7,303.6,        312.00,312.25,310.07,2771602,859389026.7,37989,1173952,42.36,11,2017,980.2653921571775,0.02343493936414287,Slight or No change
138,IGL,EQ,2017-11-27,312.25,311.0,315.5,308.35,        312.00,312.25,311.73,1559253,486073061.0,26211,684279,43.89,11,2017,967.2499918829076,0.0,Slight or No change
139,IGL,EQ,2017-11-28,312.25,319.25,331.8,316.45,        326.00,326.7,326.65,10589486,3459075765.65,99004,2727505,25.76,11,2017,892.3963814823483,0.046277021617293856,Slight or No change
140,IGL,EQ,2017-11-29,326.7,326.7,329.0,323.5,        326.10,325.55,325.73,1977800,644235566.4,22194,723499,36.58,11,2017,880.2888448347029,-0.0035200489745943475,Slight or No change
141,IGL,EQ,2017-11-30,325.55,326.25,327.95,319.45,        327.80,326.6,324.21,1482835,480755503.6,18327,599230,40.41,11,2017,871.5618054780642,0.003225311012133414,Slight or No change
142,IGL,EQ,2017-12-01,326.6,328.8,329.15,313.5,        317.55,317.5,322.86,1734475,559985043.6,30167,937860,54.07,12,2017,861.5318115057631,-0.027862829148806,Slight or No change
143,IGL,EQ,2017-12-04,317.5,319.0,334.0,313.7,        333.70,333.0,327.11,4629422,1514315350.95,57392,2556488,55.22,12,2017,837.1716797601218,0.04881889763779523,Slight or No change
144,IGL,EQ,2017-12-05,333.0,335.75,336.95,325.35,        327.05,327.0,330.84,3520659,1164766481.55,62655,1198200,34.03,12,2017,819.8950068526082,-0.018018018018018056,Slight or No change
145,IGL,EQ,2017-12-06,327.0,327.0,330.85,321.45,        324.00,324.3,326.52,1938903,633084366.75,26607,522349,26.94,12,2017,810.8214436041609,-0.008256880733944927,Slight or No change
146,IGL,EQ,2017-12-07,324.3,326.75,334.7,325.1,        332.95,332.6,329.49,2691968,886982144.9,36176,1043596,38.77,12,2017,798.9666966303588,0.02559358618563068,Slight or No change
147,IGL,EQ,2017-12-08,332.6,334.95,336.0,326.0,        327.75,327.8,329.61,3167898,1044163560.6,37317,1651028,52.12,12,2017,785.6114715956086,-0.014431749849669329,Slight or No change
148,IGL,EQ,2017-12-11,327.8,329.0,332.0,327.15,        327.75,328.0,329.01,1677085,551776076.75,37094,781897,46.62,12,2017,778.8461434195913,0.0006101281269066394,Slight or No change
149,IGL,EQ,2017-12-12,328.0,328.0,329.9,320.7,        322.65,322.5,323.78,1493839,483676523.1,31778,621235,41.59,12,2017,772.9147964053012,-0.01676829268292679,Slight or No change
150,IGL,EQ,2017-12-13,322.5,322.65,327.7,320.0,        322.30,322.1,324.23,1259179,408269791.95,15472,343860,27.31,12,2017,768.0293006903577,-0.0012403100775193465,Slight or No change
151,IGL,EQ,2017-12-14,322.1,324.7,325.65,316.5,        320.30,319.5,319.55,1371065,438117068.45,24319,571084,41.65,12,2017,762.7983912369193,-0.008072027320707886,Slight or No change
152,IGL,EQ,2017-12-15,319.5,321.0,324.75,317.9,        318.90,318.85,320.64,1278277,409868743.35,17563,809685,63.34,12,2017,758.0232176780462,-0.002034428794992049,Slight or No change
153,IGL,EQ,2017-12-18,318.85,318.95,328.95,304.0,        326.45,326.2,323.91,2245350,727282925.2,29803,1054986,46.99,12,2017,750.0157926153164,0.023051591657519133,Slight or No change
154,IGL,EQ,2017-12-19,326.2,328.0,331.0,325.7,        327.70,327.95,328.42,1604339,526897687.3,18237,965318,60.17,12,2017,744.4967626648835,0.005364806866952732,Slight or No change
155,IGL,EQ,2017-12-20,327.95,331.25,332.4,325.5,        327.45,328.15,328.69,1742277,572668258.05,31804,885707,50.84,12,2017,738.6672126883757,0.0006098490623569486,Slight or No change
156,IGL,EQ,2017-12-21,328.15,328.75,331.65,327.15,        328.50,328.95,329.55,1041735,343305328.2,17467,540962,51.93,12,2017,735.2656114645365,0.0024379094926101352,Slight or No change
157,IGL,EQ,2017-12-22,328.95,328.75,332.35,327.0,        328.30,329.15,329.45,1912577,630092903.05,26098,1232617,64.45,12,2017,729.1682676113805,0.0006079951360389302,Slight or No change
158,IGL,EQ,2017-12-26,329.15,333.0,334.5,327.65,        331.30,330.55,331.73,3009424,998326166.55,44001,1381198,45.9,12,2017,719.9685998163303,0.004253379917970701,Slight or No change
159,IGL,EQ,2017-12-27,330.55,331.5,333.95,330.25,        331.70,331.7,331.91,1082818,359397650.1,20168,414456,38.28,12,2017,716.770972715043,0.003479050068068368,Slight or No change
160,IGL,EQ,2017-12-28,331.7,332.0,332.75,327.0,        329.80,328.35,329.61,1196891,394506632.45,21373,689066,57.57,12,2017,713.2669915418395,-0.010099487488694492,Slight or No change
161,IGL,EQ,2017-12-29,328.35,330.0,337.5,328.5,        335.60,335.8,332.49,2058839,684551663.2,33814,1099987,53.43,12,2017,707.4990829760773,0.02268920359372628,Slight or No change
162,IGL,EQ,2018-01-01,335.8,334.8,344.9,334.25,        341.00,339.75,341.14,2618659,893318338.65,27082,855747,32.68,1,2018,700.4879566762073,0.011762954139368675,Slight or No change
163,IGL,EQ,2018-01-02,339.75,342.3,343.4,331.7,        335.00,335.2,335.91,1260153,423295271.85,13958,498476,39.56,1,2018,697.1671038853697,-0.013392200147167022,Slight or No change
164,IGL,EQ,2018-01-03,335.2,334.9,336.05,332.0,        332.35,332.75,333.3,1295368,431746788.5,35066,717722,55.41,1,2018,693.7931182570838,-0.0073090692124104795,Slight or No change
165,IGL,EQ,2018-01-04,332.75,333.95,333.95,327.6,        329.10,329.05,329.26,2156352,709991246.4,22040,961768,44.6,1,2018,688.2568694320463,-0.011119459053343328,Slight or No change
166,IGL,EQ,2018-01-05,329.05,329.0,334.0,329.0,        329.85,329.85,330.89,1698453,561999569.75,22430,516271,30.4,1,2018,684.022611153317,0.0024312414526668213,Slight or No change
167,IGL,EQ,2018-01-08,329.85,330.7,331.0,326.1,        327.60,328.2,327.93,2384896,782069928.05,43816,1196137,50.15,1,2018,678.2162356083587,-0.005002273760800424,Slight or No change
168,IGL,EQ,2018-01-09,328.2,330.0,330.0,321.3,        324.00,323.05,324.7,1835037,595842267.75,23572,1099890,59.94,1,2018,673.8121106344523,-0.015691651432053533,Slight or No change
169,IGL,EQ,2018-01-10,323.05,323.0,326.75,321.8,        326.05,325.75,324.86,1436652,466716889.9,25814,869449,60.52,1,2018,670.4655736962601,0.008357839343754891,Slight or No change
170,IGL,EQ,2018-01-11,325.75,327.25,329.5,321.5,        322.60,322.25,324.27,2354009,763326338.1,40445,1512488,64.25,1,2018,665.0648123170204,-0.010744435917114381,Slight or No change
171,IGL,EQ,2018-01-12,322.25,323.25,328.9,320.6,        327.95,327.5,324.94,1359670,441809890.7,27984,631336,46.43,1,2018,662.0676097996692,0.01629169899146632,Slight or No change
172,IGL,EQ,2018-01-15,327.5,329.0,329.0,322.7,        324.00,323.65,325.67,925146,301289485.85,13112,521807,56.4,1,2018,660.0353801111362,-0.011755725190839783,Slight or No change
173,IGL,EQ,2018-01-16,323.65,324.3,324.8,316.0,        318.40,316.8,319.8,1502117,480384035.6,24458,843939,56.18,1,2018,656.7210830975062,-0.021164838560172927,Slight or No change
174,IGL,EQ,2018-01-17,316.8,316.0,317.45,308.1,        315.00,314.75,311.95,2751245,858247208.6,39698,1672716,60.8,1,2018,650.7781540001423,-0.006470959595959669,Slight or No change
175,IGL,EQ,2018-01-18,314.75,316.0,316.6,304.1,        306.85,305.45,308.99,2265196,699916503.25,35993,1505764,66.47,1,2018,645.9067999246053,-0.02954725972994443,Slight or No change
176,IGL,EQ,2018-01-19,305.45,306.9,312.8,302.0,        311.00,311.5,307.34,1677440,515545466.75,38617,932160,55.57,1,2018,642.4496292674589,0.019806842363725652,Slight or No change
177,IGL,EQ,2018-01-22,311.5,312.0,314.55,308.75,        309.95,309.7,311.27,1250293,389177299.55,15344,689945,55.18,1,2018,639.905176460158,-0.005778491171749667,Slight or No change
178,IGL,EQ,2018-01-23,309.7,312.0,316.9,309.0,        313.05,312.35,312.71,2732751,854571520.95,49055,1422571,52.06,1,2018,634.5206068305718,0.008556667742977142,Slight or No change
179,IGL,EQ,2018-01-24,312.35,314.0,316.4,311.35,        313.00,313.25,313.74,1435788,450465119.6,20249,729521,50.81,1,2018,631.7695919579508,0.002881383063870535,Slight or No change
180,IGL,EQ,2018-01-25,313.25,313.5,315.95,306.1,        309.50,307.3,309.86,2306153,714584296.8,25642,1480116,64.18,1,2018,627.3674779091422,-0.018994413407821154,Slight or No change
181,IGL,EQ,2018-01-29,307.3,308.95,312.5,305.8,        310.30,310.35,308.92,1942257,599993779.2,28802,1239444,63.81,1,2018,623.7860614329404,0.009925154572079542,Slight or No change
182,IGL,EQ,2018-01-30,310.35,311.0,311.05,304.4,        306.70,306.8,306.25,1766780,541084267.95,38267,1217015,68.88,1,2018,620.5616734611293,-0.011438698243918188,Slight or No change
183,IGL,EQ,2018-01-31,306.8,307.25,310.0,301.5,        304.50,304.65,304.06,2656208,807639905.55,54604,1443425,54.34,1,2018,615.8032717335386,-0.0070078226857889225,Slight or No change
184,IGL,EQ,2018-02-01,304.65,305.0,306.95,299.5,        302.40,302.9,303.27,2617303,793761024.15,43987,1407796,53.79,2,2018,611.2271338799364,-0.005744296733957044,Slight or No change
185,IGL,EQ,2018-02-02,302.9,300.0,300.0,285.0,        290.00,289.15,292.14,4000097,1168606020.15,57273,2211048,55.27,2,2018,604.1856337081526,-0.04539451964344665,Slight or No change
186,IGL,EQ,2018-02-05,289.15,280.45,301.35,280.3,        296.60,296.75,292.07,4556834,1330923141.4,81134,2761638,60.6,2,2018,596.7148132351074,0.026283935673525827,Slight or No change
187,IGL,EQ,2018-02-06,296.75,281.0,294.0,271.1,        290.70,290.85,287.7,2910700,837409660.95,39527,1572042,54.01,2,2018,592.0397390495384,-0.019882055602358784,Slight or No change
188,IGL,EQ,2018-02-07,290.85,297.0,297.3,290.15,        291.00,292.25,293.87,1904017,559526601.5,25314,1081737,56.81,2,2018,589.0719814621515,0.004813477737665384,Slight or No change
189,IGL,EQ,2018-02-08,292.25,292.8,295.95,287.15,        291.40,290.2,291.21,4182524,1218011360.75,59887,2456189,58.73,2,2018,582.7110379509661,-0.007014542343883656,Slight or No change
190,IGL,EQ,2018-02-09,290.2,290.0,293.65,286.0,        290.40,289.55,290.41,2934374,852157992.25,58055,1683293,57.36,2,2018,578.3980054265614,-0.0022398345968297484,Slight or No change
191,IGL,EQ,2018-02-12,289.55,291.0,303.5,289.2,        303.30,302.45,299.57,3111752,932194105.15,36023,1525017,49.01,2,2018,574.1589418983791,0.044551890865135446,Slight or No change
192,IGL,EQ,2018-02-14,302.45,306.9,312.0,305.35,        307.00,307.75,308.58,7816298,2411935110.2,74570,5998254,76.74,2,2018,564.2610023965169,0.017523557612828533,Slight or No change
193,IGL,EQ,2018-02-15,307.75,311.7,311.7,300.2,        305.55,304.2,305.31,1381489,421778822.2,20348,625480,45.28,2,2018,562.5644197320773,-0.011535337124289224,Slight or No change
194,IGL,EQ,2018-02-16,304.2,305.5,306.9,294.0,        298.95,295.05,297.94,1786150,532172988.9,14706,871319,48.78,2,2018,560.3268854421597,-0.030078895463510724,Slight or No change
195,IGL,EQ,2018-02-19,295.05,298.65,298.75,291.25,        295.55,294.75,295.01,878604,259201270.15,14215,276176,31.43,2,2018,559.2386951051395,-0.0010167768174885738,Slight or No change
196,IGL,EQ,2018-02-20,294.75,294.1,299.8,290.65,        296.80,296.85,296.37,1251781,370988757.05,39994,731143,58.41,2,2018,557.7158107160263,0.007124681933842414,Slight or No change
197,IGL,EQ,2018-02-21,296.85,300.95,301.55,292.05,        293.55,293.9,296.3,1954906,579242474.85,29287,1013249,51.83,2,2018,555.3460666109154,-0.009937678962439134,Slight or No change
198,IGL,EQ,2018-02-22,293.9,293.0,295.0,290.1,        292.80,291.7,292.21,1649233,481930125.65,19563,914122,55.43,2,2018,553.3631731876641,-0.007485539299081245,Slight or No change
199,IGL,EQ,2018-02-23,291.7,292.0,301.0,292.0,        296.00,295.5,296.74,2122103,629723049.5,22172,957930,45.14,2,2018,550.8916245025296,0.013027082619129216,Slight or No change
200,IGL,EQ,2018-02-26,295.5,298.8,298.8,291.65,        297.00,297.0,295.56,1789481,528903479.8,32025,920983,51.47,2,2018,548.8560227313301,0.0050761421319796,Slight or No change
201,IGL,EQ,2018-02-27,297.0,299.65,309.5,298.5,        305.30,305.2,305.81,5573040,1704297467.25,51166,1998087,35.85,2,2018,542.920270958578,0.02760942760942764,Slight or No change
202,IGL,EQ,2018-02-28,305.2,305.1,308.5,302.15,        304.55,304.7,305.2,2075256,633367812.0,29715,725562,34.96,2,2018,540.778688104358,-0.00163826998689387,Slight or No change
203,IGL,EQ,2018-03-01,304.7,303.85,310.8,303.0,        306.45,306.15,308.22,3752845,1156715205.15,34288,1706929,45.48,3,2018,537.0253075194954,0.00475877912701006,Slight or No change
204,IGL,EQ,2018-03-05,306.15,304.9,308.95,302.05,        306.00,305.3,305.46,1587413,484887488.95,21549,707185,44.55,3,2018,535.4678526820989,-0.0027764167891555225,Slight or No change
205,IGL,EQ,2018-03-06,305.3,309.0,316.8,307.8,        312.40,310.8,312.53,4969299,1553062657.55,53025,2570891,51.74,3,2018,530.8382327492976,0.018015067147068464,Slight or No change
206,IGL,EQ,2018-03-07,310.8,310.95,314.4,306.3,        310.00,308.1,310.84,2129537,661951637.5,25501,670643,31.49,3,2018,528.8885185630896,-0.008687258687258614,Slight or No change
207,IGL,EQ,2018-03-08,308.1,311.0,313.8,308.25,        310.40,310.8,311.0,2095964,651845617.65,38159,1077033,51.39,3,2018,527.0256508148726,0.008763388510223846,Slight or No change
208,IGL,EQ,2018-03-09,310.8,312.0,312.9,297.8,        308.00,300.85,301.38,2830725,853123612.65,48727,1132068,39.99,3,2018,524.446198530688,-0.032014157014156996,Slight or No change
209,IGL,EQ,2018-03-12,300.85,305.7,305.7,299.5,        302.55,302.9,302.99,2174973,659003630.3,29272,1180809,54.29,3,2018,522.5217197480074,0.006814026923716021,Slight or No change
210,IGL,EQ,2018-03-13,302.9,302.95,304.75,300.15,        303.70,303.6,302.53,1604649,485454489.35,25670,849552,52.94,3,2018,521.1276341482971,0.0023109937273029235,Slight or No change
211,IGL,EQ,2018-03-14,303.6,302.5,302.85,295.2,        301.20,301.2,299.26,1868331,559119558.65,25070,740495,39.63,3,2018,519.5090099818716,-0.007905138339921014,Slight or No change
212,IGL,EQ,2018-03-15,301.2,301.95,301.95,296.0,        297.40,298.3,298.35,1955922,583546734.45,27420,1086759,55.56,3,2018,517.8176603434518,-0.009628154050464688,Slight or No change
213,IGL,EQ,2018-03-16,298.3,299.8,299.8,295.2,        295.75,296.2,297.32,1498200,445438055.95,13953,907177,60.55,3,2018,516.5272818367755,-0.007039892725444252,Slight or No change
214,IGL,EQ,2018-03-19,296.2,294.3,294.9,287.25,        292.15,290.35,290.56,2301931,668843259.15,39675,1352740,58.77,3,2018,514.521811397334,-0.019750168804861468,Slight or No change
215,IGL,EQ,2018-03-20,290.35,290.0,290.0,284.65,        286.80,286.95,287.25,2540554,729773586.05,28654,1631518,64.22,3,2018,512.31638508473,-0.011710005166178816,Slight or No change
216,IGL,EQ,2018-03-21,286.95,287.0,296.8,287.0,        294.95,294.35,293.47,2282342,669792672.4,22195,1505446,65.96,3,2018,510.43511465923376,0.0257884648893536,Slight or No change
217,IGL,EQ,2018-03-22,294.35,296.75,296.75,289.65,        291.70,291.25,291.92,2198962,641917539.4,24350,1159063,52.71,3,2018,508.62746927258075,-0.010531679972821562,Slight or No change
218,IGL,EQ,2018-03-23,291.25,285.2,288.8,280.45,        281.95,282.0,283.44,2728794,773440504.1,24136,1710133,62.67,3,2018,506.33160782028386,-0.03175965665236047,Slight or No change
219,IGL,EQ,2018-03-26,282.0,282.0,284.55,274.5,        281.30,282.1,279.58,2433035,680228870.15,37862,1427957,58.69,3,2018,504.3243535814394,0.00035460992907809796,Slight or No change
220,IGL,EQ,2018-03-27,282.1,283.0,284.35,276.55,        279.95,280.2,279.35,2886167,806240204.85,24031,1961983,67.98,3,2018,501.9694111422791,-0.006735200283587539,Slight or No change
221,IGL,EQ,2018-03-28,280.2,278.2,281.5,275.4,        280.50,279.45,278.91,2677448,746758421.15,24899,1710268,63.88,3,2018,499.8213532926842,-0.002676659528907943,Slight or No change
222,IGL,EQ,2018-04-02,279.45,284.5,285.4,277.25,        278.85,279.35,280.29,2733421,766151794.05,30452,1573822,57.58,4,2018,497.6697775805614,-0.00035784576847364136,Slight or No change
223,IGL,EQ,2018-04-03,279.35,279.0,279.8,273.0,        279.20,278.05,275.91,2453716,677007075.65,29793,1483379,60.45,4,2018,495.7625361579747,-0.004653660282799343,Slight or No change
224,IGL,EQ,2018-04-04,278.05,279.95,286.9,279.0,        280.40,281.25,284.03,2639947,749832859.25,25354,1284588,48.66,4,2018,493.7768122515656,0.0115087214529761,Slight or No change
225,IGL,EQ,2018-04-05,281.25,283.0,292.85,281.65,        290.25,289.85,287.7,2195459,631628636.9,17638,984897,44.86,4,2018,492.2189103649731,0.030577777777777815,Slight or No change
226,IGL,EQ,2018-04-06,289.85,290.3,297.9,290.25,        296.45,296.65,295.65,2316307,684812254.95,31095,1280838,55.3,4,2018,490.6552227982666,0.023460410557184508,Slight or No change
227,IGL,EQ,2018-04-09,296.65,299.85,304.8,299.0,        303.90,303.5,303.28,1933870,586510386.35,28384,937035,48.45,4,2018,489.41415990130076,0.023091184898027972,Slight or No change
228,IGL,EQ,2018-04-10,303.5,305.0,307.2,294.0,        295.55,296.05,299.76,2147373,643696977.15,24216,1014653,47.25,4,2018,488.00077023418504,-0.024546952224052676,Slight or No change
229,IGL,EQ,2018-04-11,296.05,296.5,299.0,292.0,        294.80,294.7,295.65,1189525,351685504.6,16122,391300,32.9,4,2018,487.22124410572087,-0.004560040533693743,Slight or No change
230,IGL,EQ,2018-04-12,294.7,295.2,295.75,287.65,        290.00,289.85,289.97,2896893,840007867.85,38387,1872425,64.64,4,2018,485.3017116896855,-0.01645741431964698,Slight or No change
231,IGL,EQ,2018-04-13,289.85,290.5,295.35,289.9,        294.65,293.75,293.22,3278554,961335499.95,23390,1881910,57.4,4,2018,483.2162922616564,0.01345523546662064,Slight or No change
232,IGL,EQ,2018-04-16,293.75,292.9,296.75,289.05,        296.00,295.75,293.21,1572846,461170599.05,16104,337753,21.47,4,2018,482.2422628797656,0.006808510638297793,Slight or No change
233,IGL,EQ,2018-04-17,295.75,297.8,297.8,292.0,        292.50,293.25,293.86,1540380,452649624.95,26091,906086,58.82,4,2018,481.2854428589811,-0.008453085376162295,Slight or No change
234,IGL,EQ,2018-04-18,293.25,292.65,294.75,290.3,        293.70,293.05,292.36,1271552,371756495.6,16607,651935,51.27,4,2018,480.50204448707893,-0.0006820119352087817,Slight or No change
235,IGL,EQ,2018-04-19,293.05,293.1,297.4,291.3,        294.65,294.8,294.45,730961,215228017.65,10479,343917,47.05,4,2018,480.05882357089877,0.005971677188193247,Slight or No change
236,IGL,EQ,2018-04-20,294.8,294.6,295.65,292.35,        294.00,294.4,294.15,1711174,503333855.95,20462,1015423,59.34,4,2018,479.0272520718738,-0.0013568521031208647,Slight or No change
237,IGL,EQ,2018-04-23,294.4,294.1,296.8,290.85,        294.95,294.95,293.74,2040541,599398151.4,19656,1351747,66.24,4,2018,477.81563054517886,0.0018682065217392463,Slight or No change
238,IGL,EQ,2018-04-24,294.95,296.8,301.9,294.4,        301.15,299.75,299.31,1916816,573718722.3,35230,1017797,53.1,4,2018,476.7214094866696,0.016273944736395984,Slight or No change
239,IGL,EQ,2018-04-25,299.75,301.4,301.5,295.0,        296.80,297.15,297.47,1610351,479032015.95,29400,874036,54.28,4,2018,475.79912272260475,-0.008673894912427094,Slight or No change
240,IGL,EQ,2018-04-26,297.15,296.0,297.0,291.6,        294.00,295.35,294.47,1133514,333791210.3,16408,582347,51.38,4,2018,475.14910879767757,-0.006057546693588933,Slight or No change
241,IGL,EQ,2018-04-27,295.35,294.85,294.85,290.0,        291.00,291.1,292.32,2150749,628707757.45,15844,1655868,76.99,4,2018,473.8996952980773,-0.014389707127137275,Slight or No change
242,IGL,EQ,2018-04-30,291.1,290.7,292.3,286.5,        287.25,287.7,288.4,899782,259500399.65,17703,485793,53.99,4,2018,473.3723836565466,-0.011679835108210357,Slight or No change
243,IGL,EQ,2018-05-02,287.7,285.6,288.45,279.1,        280.20,279.95,281.14,2374430,667548086.3,58649,1515625,63.83,5,2018,471.9376091099583,-0.02693778241223499,Slight or No change
244,IGL,EQ,2018-05-03,279.95,280.5,280.8,265.2,        271.00,271.25,271.56,3645412,989932567.9,66349,1733461,47.55,5,2018,469.6778260181645,-0.031076978031791325,Slight or No change
245,IGL,EQ,2018-05-04,271.25,270.55,275.75,261.0,        272.45,271.5,267.43,4990560,1334646131.45,53167,2356849,47.23,5,2018,466.66925503386403,0.0009216589861751334,Slight or No change
246,IGL,EQ,2018-05-07,271.5,273.95,276.2,263.9,        267.70,266.4,268.42,3410720,915509401.3,31074,1845841,54.12,5,2018,464.61273219384105,-0.01878453038674044,Slight or No change
247,IGL,EQ,2018-05-08,266.4,267.8,270.0,260.3,        269.10,268.15,264.23,5176974,1367926722.6,30065,2823105,54.53,5,2018,461.5975578961469,0.006569069069069178,Slight or No change
248,IGL,EQ,2018-05-09,268.15,268.3,273.1,266.8,        267.50,267.6,269.7,1375896,371075841.3,21041,375712,27.31,5,2018,460.80947791779187,-0.0020510908073837486,Slight or No change
249,IGL,EQ,2018-05-10,267.6,267.8,270.1,260.9,        262.90,262.55,263.55,1346387,354838951.15,24769,633773,47.07,5,2018,460.0244785472545,-0.018871449925261574,Slight or No change
250,IGL,EQ,2018-05-11,262.55,262.85,267.4,258.0,        266.95,266.5,263.57,2534394,667984781.75,29863,1284845,50.7,5,2018,458.5927831744795,0.015044753380308418,Slight or No change
251,IGL,EQ,2018-05-14,266.5,267.0,271.0,264.7,        269.45,269.45,268.9,2262974,608503396.25,45517,1333129,58.91,5,2018,457.35155813159076,0.011069418386491447,Slight or No change
252,IGL,EQ,2018-05-15,269.45,269.4,273.4,265.7,        267.65,269.35,270.22,2285779,617653550.65,33765,1345227,58.85,5,2018,456.1135951632369,-0.0003711263685283184,Slight or No change
253,IGL,EQ,2018-05-16,269.35,268.0,270.7,265.2,        270.00,269.25,269.35,1331129,358543243.15,11846,838719,63.01,5,2018,455.39976547708017,-0.0003712641544459938,Slight or No change
254,IGL,EQ,2018-05-17,269.25,268.0,276.5,267.25,        273.20,273.2,272.45,3081910,839658630.95,31840,1496321,48.55,5,2018,453.80244034038805,0.01467038068709381,Slight or No change
255,IGL,EQ,2018-05-18,273.2,275.25,276.85,265.1,        266.80,265.95,270.68,2310681,625457677.0,20324,1378629,59.66,5,2018,452.5757438984155,-0.02653733528550517,Slight or No change
256,IGL,EQ,2018-05-21,265.95,260.75,266.3,258.55,        259.00,259.4,261.36,1405779,367415705.65,19761,570168,40.56,5,2018,451.8113310706094,-0.024628689603308884,Slight or No change
257,IGL,EQ,2018-05-22,259.4,257.9,262.65,247.5,        259.80,259.1,254.28,4399507,1118696196.35,51933,1881824,42.77,5,2018,449.45397983177327,-0.0011565150346952713,Slight or No change
258,IGL,EQ,2018-05-23,259.1,259.1,265.5,256.25,        265.00,262.7,261.15,4005066,1045926350.45,34603,1940130,48.44,5,2018,447.3972224084992,0.01389424932458505,Slight or No change
259,IGL,EQ,2018-05-24,262.7,265.0,270.25,244.2,        252.10,252.95,257.65,8726696,2248438792.9,91498,2611945,29.93,5,2018,442.84045857057396,-0.037114579368100475,Slight or No change
260,IGL,EQ,2018-05-25,252.95,255.0,259.0,252.1,        257.00,257.5,257.1,4899588,1259689018.7,69902,3066846,62.59,5,2018,440.4335595110658,0.01798774461356012,Slight or No change
261,IGL,EQ,2018-05-28,257.5,261.0,263.0,258.05,        260.70,260.85,260.91,4551898,1187654769.3,40134,3097928,68.06,5,2018,438.29274592130736,0.013009708737864223,Slight or No change
262,IGL,EQ,2018-05-29,260.85,266.3,270.0,264.25,        269.90,268.85,267.45,4353320,1164305667.0,66432,1593148,36.6,5,2018,436.38271684168933,0.030668966839179523,Slight or No change
263,IGL,EQ,2018-05-30,268.85,268.0,268.5,263.0,        263.90,263.9,265.83,2518709,669552893.95,25732,1164049,46.22,5,2018,435.2650901782829,-0.01841175376604076,Slight or No change
264,IGL,EQ,2018-05-31,263.9,264.5,269.6,260.1,        266.00,265.0,263.9,4234976,1117607788.0,57408,3177972,75.04,5,2018,433.43005781863593,0.004168245547556015,Slight or No change
265,IGL,EQ,2018-06-01,265.0,264.9,266.65,260.35,        265.90,265.75,264.3,2155593,569733913.55,27079,1162047,53.91,6,2018,432.51522985357053,0.002830188679245227,Slight or No change
266,IGL,EQ,2018-06-04,265.75,267.0,271.5,263.9,        266.80,267.85,268.89,2424074,651817298.45,32205,912365,37.64,6,2018,431.5111167467923,0.007902163687676378,Slight or No change
267,IGL,EQ,2018-06-05,267.85,266.1,268.65,254.55,        260.50,260.1,260.86,2663842,694901104.6,39638,1390209,52.19,6,2018,430.3701269006874,-0.028934104909464242,Slight or No change
268,IGL,EQ,2018-06-06,260.1,260.5,263.55,256.0,        263.50,262.9,261.23,2044933,534188888.05,39061,1138470,55.67,6,2018,429.5187199131287,0.01076509034986528,Slight or No change
269,IGL,EQ,2018-06-07,262.9,265.0,267.25,262.05,        262.70,262.85,264.83,1613543,427308036.75,15842,918089,56.9,6,2018,428.85280804455226,-0.00019018638265477783,Slight or No change
270,IGL,EQ,2018-06-08,262.85,262.85,281.4,262.7,        276.55,279.0,274.37,5861064,1608127236.9,69635,1918754,32.74,6,2018,426.70909907599565,0.06144188700779907,Slight or No change
271,IGL,EQ,2018-06-11,279.0,282.65,288.4,275.0,        275.50,276.75,282.72,5808692,1642254680.0,75450,1742686,30.0,6,2018,424.61275950713923,-0.008064516129032251,Slight or No change
272,IGL,EQ,2018-06-12,276.75,277.85,279.3,271.15,        273.00,273.4,273.87,1955602,535577922.35,31881,700253,35.81,6,2018,423.9044220740404,-0.01210478771454393,Slight or No change
273,IGL,EQ,2018-06-13,273.4,274.45,274.75,267.35,        268.00,267.8,270.13,1714842,463225374.7,25048,776710,45.29,6,2018,423.26582001392666,-0.02048280907095823,Slight or No change
274,IGL,EQ,2018-06-14,267.8,267.75,271.9,263.85,        266.85,267.0,267.64,1925327,515297172.85,21664,719300,37.36,6,2018,422.5513741096515,-0.0029873039581778116,Slight or No change
275,IGL,EQ,2018-06-15,267.0,266.9,267.25,261.65,        263.45,263.2,264.01,1159986,306251681.8,25210,449425,38.74,6,2018,422.1136355893428,-0.014232209737827795,Slight or No change
276,IGL,EQ,2018-06-18,263.2,263.2,264.9,258.7,        258.90,259.3,260.84,1443446,376501717.2,44212,746909,51.74,6,2018,421.55899006240753,-0.014817629179331271,Slight or No change
277,IGL,EQ,2018-06-19,259.3,258.0,258.85,251.15,        252.85,251.95,253.57,2583012,654975621.85,33622,1699929,65.81,6,2018,420.53130502208904,-0.028345545699961505,Slight or No change
278,IGL,EQ,2018-06-20,251.95,252.85,254.9,249.75,        254.15,253.25,252.34,2260437,570388357.9,39444,1126741,49.85,6,2018,419.6489815878049,0.005159753919428578,Slight or No change
279,IGL,EQ,2018-06-21,253.25,254.0,257.9,253.15,        254.50,255.05,255.93,1220170,312275461.1,24110,484364,39.7,6,2018,419.1816762448614,0.0071076011846002984,Slight or No change
280,IGL,EQ,2018-06-22,255.05,255.5,257.0,253.3,        256.60,255.8,255.2,1416639,361520814.4,23121,877045,61.91,6,2018,418.64490821973664,0.0029405998823759383,Slight or No change
281,IGL,EQ,2018-06-25,255.8,256.9,257.8,255.15,        257.00,257.05,256.76,819524,210419672.05,12649,496110,60.54,6,2018,418.3383670448468,0.004886630179828044,Slight or No change
282,IGL,EQ,2018-06-26,257.05,257.8,263.0,255.85,        262.30,261.9,259.12,1470493,381038681.15,25480,740240,50.34,6,2018,417.8076904077781,0.01886792452830166,Slight or No change
283,IGL,EQ,2018-06-27,261.9,261.6,264.65,251.05,        252.00,253.6,258.46,1520423,392973905.5,36677,755621,49.7,6,2018,417.23375757905126,-0.03169148529973265,Slight or No change
284,IGL,EQ,2018-06-28,253.6,251.8,251.8,240.95,        241.80,242.3,245.82,2229909,548152928.45,64254,1140221,51.13,6,2018,416.341596358447,-0.04455835962145105,Slight or No change
285,IGL,EQ,2018-06-29,242.3,242.5,255.9,242.5,        253.05,254.3,249.95,2670544,667510271.85,47337,1098272,41.13,6,2018,415.3578926091069,0.04952538175815113,Slight or No change
286,IGL,EQ,2018-07-02,254.3,254.25,258.0,250.35,        254.00,255.85,253.78,1760435,446769133.25,28017,760568,43.2,7,2018,414.7221142438277,0.006095163193079012,Slight or No change
287,IGL,EQ,2018-07-03,255.85,255.95,262.0,253.15,        260.65,261.0,257.91,1872353,482898108.4,37870,761040,40.65,7,2018,414.07319530023096,0.020128981825288328,Slight or No change
288,IGL,EQ,2018-07-04,261.0,258.7,260.8,254.6,        255.50,257.05,257.86,1319652,340280062.5,15058,319110,24.18,7,2018,413.60739541151224,-0.015134099616858188,Slight or No change
289,IGL,EQ,2018-07-05,257.05,257.0,258.35,253.6,        254.45,254.8,255.3,1352378,345255816.1,15194,473250,34.99,7,2018,413.12608338316403,-0.008753160863645193,Slight or No change
290,IGL,EQ,2018-07-06,254.8,255.0,258.9,252.25,        256.35,256.3,256.5,1833829,470375217.15,21706,622632,33.95,7,2018,412.48420339172145,0.005886970172684469,Slight or No change
291,IGL,EQ,2018-07-09,256.3,257.55,268.5,256.5,        263.85,265.9,263.83,3375495,890543311.6,34827,1552450,45.99,7,2018,411.3881247364068,0.03745610612563399,Slight or No change
292,IGL,EQ,2018-07-10,265.9,266.8,269.85,260.95,        262.80,262.85,265.12,3520193,933280892.2,33363,1561629,44.36,7,2018,410.2387861235841,-0.011470477623166442,Slight or No change
293,IGL,EQ,2018-07-11,262.85,262.0,264.55,260.0,        260.90,261.1,261.81,1404747,367770626.0,31972,529836,37.72,7,2018,409.7797008334316,-0.0066577896138482195,Slight or No change
294,IGL,EQ,2018-07-12,261.1,265.0,265.95,260.9,        261.90,262.3,263.53,1468664,387043097.05,28861,516178,35.15,7,2018,409.30658889159696,0.0045959402527766535,Slight or No change
295,IGL,EQ,2018-07-13,262.3,263.9,263.9,252.0,        253.45,252.9,258.45,1950007,503969644.05,43346,1022605,52.44,7,2018,408.64322086543206,-0.03583682805947386,Slight or No change
296,IGL,EQ,2018-07-16,252.9,253.9,264.5,252.35,        263.70,263.55,261.09,5320621,1389135784.9,44190,3063037,57.57,7,2018,406.9833443926754,0.04211150652431783,Slight or No change
297,IGL,EQ,2018-07-17,263.55,264.0,268.0,262.15,        265.75,265.1,265.09,2902381,769394056.7,30904,1149722,39.61,7,2018,406.10340986137237,0.0058812369569343215,Slight or No change
298,IGL,EQ,2018-07-18,265.1,266.2,269.8,262.25,        266.70,266.8,266.02,1721933,458069543.4,26716,584774,33.96,7,2018,405.5927314557349,0.00641267446246685,Slight or No change
299,IGL,EQ,2018-07-19,266.8,264.35,276.4,264.35,        273.55,274.55,272.7,2214551,603909496.55,34115,763581,34.48,7,2018,404.9778019117407,0.029047976011993937,Slight or No change
300,IGL,EQ,2018-07-20,274.55,275.15,280.7,274.6,        276.35,278.65,278.02,2086321,580044063.65,32312,793124,38.02,7,2018,404.42178106306994,0.014933527590602624,Slight or No change
301,IGL,EQ,2018-07-23,278.65,279.95,284.8,274.25,        280.60,281.25,280.54,1957201,549071776.85,25729,306095,15.64,7,2018,403.91529425153993,0.009330701596985458,Slight or No change
302,IGL,EQ,2018-07-24,281.25,281.45,285.9,279.3,        283.50,282.4,282.45,962291,271797503.55,16157,296589,30.82,7,2018,403.6701161328293,0.004088888888888809,Slight or No change
303,IGL,EQ,2018-07-25,282.4,282.0,296.5,280.3,        295.65,294.95,292.7,3996745,1169829719.55,47188,1744397,43.65,7,2018,402.7665989634429,0.04444050991501425,Slight or No change
304,IGL,EQ,2018-07-26,294.95,296.0,298.7,294.1,        295.00,295.05,295.85,3339021,987842279.75,37152,1656796,49.62,7,2018,402.0238928263653,0.0003390405153416154,Slight or No change
305,IGL,EQ,2018-07-27,295.05,295.05,301.85,293.6,        295.15,295.3,296.36,1913881,567204155.05,23017,846890,44.25,7,2018,401.603767544061,0.000847314014573719,Slight or No change
306,IGL,EQ,2018-07-30,295.3,296.0,300.0,293.0,        299.70,297.9,296.46,1766143,523589779.6,13562,1203514,68.14,7,2018,401.2284076831949,0.008804605485946304,Slight or No change
307,IGL,EQ,2018-07-31,297.9,302.25,316.0,297.3,        304.05,303.95,306.35,10851682,3324461052.15,86173,4735015,43.63,7,2018,399.1120537701641,0.020308828465928297,Slight or No change
308,IGL,EQ,2018-08-01,303.95,306.2,317.2,305.5,        313.25,313.55,312.6,6282499,1963895537.9,68086,2252123,35.85,8,2018,398.04778205217616,0.03158414212863958,Slight or No change
309,IGL,EQ,2018-08-02,313.55,312.8,320.75,310.4,        318.00,316.0,316.91,4491987,1423561676.25,70232,2001682,44.56,8,2018,397.324514696739,0.007813745814064799,Slight or No change
310,IGL,EQ,2018-08-03,316.0,318.2,320.0,309.0,        309.90,310.3,313.34,1876492,587971055.75,27947,935340,49.85,8,2018,397.00522455325495,-0.01803797468354429,Slight or No change
311,IGL,EQ,2018-08-06,310.3,310.0,311.0,303.85,        305.30,304.6,306.25,1420003,434878679.0,19994,510036,35.92,8,2018,396.7493784205212,-0.01836932001289071,Slight or No change
312,IGL,EQ,2018-08-07,304.6,307.9,307.9,295.55,        298.30,298.3,299.44,1541952,461726982.65,19552,634481,41.15,8,2018,396.45427574598534,-0.020682862770847077,Slight or No change
313,IGL,EQ,2018-08-08,298.3,298.4,300.45,286.45,        292.10,291.4,291.72,2974518,867715550.3,52173,1681045,56.51,8,2018,395.8503053833845,-0.023131076097888115,Slight or No change
314,IGL,EQ,2018-08-09,291.4,293.85,304.45,292.1,        304.25,303.3,298.17,1840219,548689125.35,24972,562013,30.54,8,2018,395.5222926385162,0.04083733699382308,Slight or No change
315,IGL,EQ,2018-08-10,303.3,305.75,311.85,289.35,        299.30,299.6,302.19,5879296,1776654169.3,63480,1062196,18.07,8,2018,394.44830752057084,-0.012199142762940984,Slight or No change
316,IGL,EQ,2018-08-13,299.6,295.9,295.9,288.2,        290.00,290.15,291.13,2142662,623784082.6,43057,892236,41.64,8,2018,394.02445398634705,-0.031542056074766456,Slight or No change
317,IGL,EQ,2018-08-14,290.15,289.3,293.45,280.7,        284.95,285.05,285.56,2005232,572621235.75,34494,766402,38.22,8,2018,393.61157228906416,-0.01757711528519723,Slight or No change
318,IGL,EQ,2018-08-16,285.05,282.9,286.9,275.4,        277.50,276.95,280.45,2659558,745862136.75,45043,926934,34.85,8,2018,393.0282659705669,-0.02841606735660418,Slight or No change
319,IGL,EQ,2018-08-17,276.95,277.7,280.2,273.5,        275.60,276.0,276.44,1988022,549559590.75,34522,763610,38.41,8,2018,392.5925021215871,-0.003430222061743926,Slight or No change
320,IGL,EQ,2018-08-20,276.0,277.0,286.1,275.9,        285.90,283.95,281.98,3010491,848909713.4,42005,1017170,33.79,8,2018,391.9833379247479,0.028804347826086873,Slight or No change
321,IGL,EQ,2018-08-21,283.95,288.4,288.4,283.05,        284.55,285.3,285.48,1446068,412824672.15,16133,467631,32.34,8,2018,391.69677864789384,0.004754358161648264,Slight or No change
322,IGL,EQ,2018-08-23,285.3,284.5,285.3,275.05,        279.95,278.9,278.44,2690473,749142567.95,39944,1571697,58.42,8,2018,391.13587341726014,-0.022432527164388483,Slight or No change
323,IGL,EQ,2018-08-24,278.9,279.5,281.9,276.05,        278.00,278.9,278.71,935255,260665619.35,19244,264542,28.29,8,2018,390.9421974152615,0.0,Slight or No change
324,IGL,EQ,2018-08-27,278.9,281.3,289.5,278.5,        285.50,285.65,286.1,2494713,713738225.25,43260,845636,33.9,8,2018,390.4597650677656,0.02420222301900332,Slight or No change
325,IGL,EQ,2018-08-28,285.65,287.0,287.05,280.35,        282.35,282.0,282.37,981530,277153135.6,13219,465384,47.41,8,2018,390.2645965874439,-0.012777875021879881,Slight or No change
326,IGL,EQ,2018-08-29,282.0,283.95,290.8,282.3,        288.50,288.1,288.46,1427320,411722873.55,20029,545628,38.23,8,2018,389.99795721904684,0.02163120567375887,Slight or No change
327,IGL,EQ,2018-08-30,288.1,290.6,294.2,286.65,        290.50,290.5,290.94,2974475,865397246.85,36046,1244089,41.83,8,2018,389.4597230184685,0.008330440819160012,Slight or No change
328,IGL,EQ,2018-08-31,290.5,290.45,293.1,285.5,        291.30,290.4,289.2,973496,281531996.5,13733,328451,33.74,8,2018,389.2846537683664,-0.000344234079173944,Slight or No change
329,IGL,EQ,2018-09-03,290.4,297.9,297.9,288.85,        290.80,290.3,292.55,2021457,591373139.55,26544,467854,23.14,9,2018,388.92272749797905,-0.0003443526170797684,Slight or No change
330,IGL,EQ,2018-09-04,290.3,290.55,291.6,280.35,        282.05,282.5,284.97,908406,258864420.2,13617,293319,32.29,9,2018,388.7481496638809,-0.026868756458835685,Slight or No change
331,IGL,EQ,2018-09-05,282.5,280.0,281.4,265.8,        272.20,272.4,270.11,3651333,986260093.55,63824,1064106,29.14,9,2018,387.9860154529891,-0.035752212389380644,Slight or No change
332,IGL,EQ,2018-09-06,272.4,275.0,278.3,271.1,        274.70,273.95,274.74,1025788,281826769.0,19957,340177,33.16,9,2018,387.7765455152131,0.00569016152716606,Slight or No change
333,IGL,EQ,2018-09-07,273.95,274.0,277.95,271.6,        276.80,276.05,275.22,1696018,466784594.95,29639,768218,45.3,9,2018,387.43825337588515,0.007665632414674217,Slight or No change
334,IGL,EQ,2018-09-10,276.05,274.7,280.25,270.0,        272.00,270.9,275.05,1277840,351472926.6,38445,476529,37.29,9,2018,387.1730002954746,-0.018656040572360255,Slight or No change
335,IGL,EQ,2018-09-11,270.9,270.0,271.5,263.6,        263.95,264.85,267.29,1732138,462980713.05,37084,779662,45.01,9,2018,386.79675749420903,-0.022332964193429117,Slight or No change
336,IGL,EQ,2018-09-12,264.85,265.1,271.0,262.0,        269.60,269.7,266.23,1375323,366154641.95,20179,343157,24.95,9,2018,386.5114797993061,0.018312252218236624,Slight or No change
337,IGL,EQ,2018-09-14,269.7,270.5,274.2,267.0,        271.00,272.1,270.59,1344864,363900284.65,19479,519821,38.65,9,2018,386.239565013974,0.00889877641824266,Slight or No change
338,IGL,EQ,2018-09-17,272.1,271.95,277.5,266.25,        271.85,270.85,271.57,1877776,509950801.5,26434,399450,21.27,9,2018,385.8579228098306,-0.004593899301727267,Slight or No change
339,IGL,EQ,2018-09-18,270.85,274.0,274.8,259.3,        261.25,261.05,264.5,2048432,541809218.8,37541,881546,43.04,9,2018,385.40923356076496,-0.03618238877607538,Slight or No change
340,IGL,EQ,2018-09-19,261.05,261.1,264.4,254.65,        256.20,256.35,257.57,2001901,515639311.05,30452,1000307,49.97,9,2018,384.9573875321255,-0.018004213752154663,Slight or No change
341,IGL,EQ,2018-09-21,256.35,258.25,259.3,230.75,        250.70,250.1,249.3,3442246,858156340.1,51597,1299744,37.76,9,2018,384.1503963343914,-0.024380729471425888,Slight or No change
342,IGL,EQ,2018-09-24,250.1,254.0,259.4,248.8,        257.00,257.3,255.93,2844199,727908325.55,28673,1414736,49.74,9,2018,383.52628519784605,0.028788484606157683,Slight or No change
343,IGL,EQ,2018-09-25,257.3,257.4,266.1,255.6,        265.40,264.75,260.56,2251969,586777027.75,25304,760825,33.78,9,2018,383.065377749186,0.02895452778857366,Slight or No change
344,IGL,EQ,2018-09-26,264.75,269.4,274.9,261.7,        267.20,267.75,267.89,3403589,911777360.25,41050,1434582,42.15,9,2018,382.3930109262232,0.011331444759206777,Slight or No change
345,IGL,EQ,2018-09-27,267.75,269.8,269.8,254.15,        258.50,257.15,259.86,2881944,748913219.1,42709,1308615,45.41,9,2018,381.77771772284734,-0.03958916900093379,Slight or No change
346,IGL,EQ,2018-09-28,257.15,264.05,264.05,237.95,        243.15,242.95,245.87,4066762,999900240.85,57567,2075128,51.03,9,2018,380.82191635141163,-0.05522068831421345,Slight or No change
347,IGL,EQ,2018-10-01,242.95,245.5,250.0,240.9,        247.95,247.6,245.93,2157358,530551649.3,34529,691089,32.03,10,2018,380.33712225136037,0.019139740687384332,Slight or No change
348,IGL,EQ,2018-10-03,247.6,247.0,251.5,239.6,        241.15,241.2,245.11,1898472,465336470.5,38644,836743,44.07,10,2018,379.89298406135043,-0.02584814216478193,Slight or No change
349,IGL,EQ,2018-10-04,241.2,241.5,243.0,232.6,        234.00,235.35,236.08,4031268,951705358.85,54828,2124263,52.69,10,2018,378.9198429906435,-0.02425373134328357,Slight or No change
350,IGL,EQ,2018-10-05,235.35,231.0,231.0,217.4,        226.00,221.7,225.47,3049724,687626894.9,46006,1135104,37.22,10,2018,378.12313597710573,-0.05799872530274064,Slight or No change
351,IGL,EQ,2018-10-08,221.7,222.0,227.8,215.2,        219.65,220.95,221.27,1780399,393957699.1,22662,474453,26.65,10,2018,377.6595358880425,-0.003382949932341006,Slight or No change
352,IGL,EQ,2018-10-09,220.95,220.35,226.85,220.35,        224.45,224.1,223.39,1609275,359488063.35,37850,521184,32.39,10,2018,377.25121784635644,0.014256619144602967,Slight or No change
353,IGL,EQ,2018-10-10,224.1,226.0,238.7,225.25,        235.65,235.6,233.05,1574735,366985066.45,38253,619059,39.31,10,2018,376.88360493002847,0.05131637661758148,Slight or No change
354,IGL,EQ,2018-10-11,235.6,228.0,238.4,225.0,        230.00,229.75,231.31,2236500,517335950.6,36469,844975,37.78,10,2018,376.343291245168,-0.024830220713072948,Slight or No change
355,IGL,EQ,2018-10-12,229.75,231.45,246.55,231.4,        242.50,241.7,241.43,2856380,689622622.45,55546,650570,22.78,10,2018,375.71475001216993,0.05201305767138198,Slight or No change
356,IGL,EQ,2018-10-15,241.7,246.0,246.6,238.1,        240.95,241.15,242.02,1593522,385661014.1,25065,476951,29.93,10,2018,375.36521323312843,-0.002275548200248223,Slight or No change
357,IGL,EQ,2018-10-16,241.15,243.7,249.1,242.3,        247.10,247.1,245.83,890192,218834632.4,11983,291664,32.76,10,2018,375.1793616141593,0.02467343976777925,Slight or No change
358,IGL,EQ,2018-10-17,247.1,250.2,251.4,241.05,        242.30,242.25,246.61,809399,199608241.05,13075,309566,38.25,10,2018,375.0044633219003,-0.019627681100768846,Slight or No change
359,IGL,EQ,2018-10-19,242.25,241.0,251.0,240.0,        247.40,247.6,247.02,1354003,334461394.8,20375,429332,31.71,10,2018,374.72466093141117,0.02208462332301342,Slight or No change
360,IGL,EQ,2018-10-22,247.6,248.8,250.45,238.2,        242.45,242.5,243.65,1286254,313401422.6,19693,335726,26.1,10,2018,374.4493767649276,-0.020597738287560508,Slight or No change
361,IGL,EQ,2018-10-23,242.5,242.35,242.35,232.15,        241.00,238.5,236.34,1789882,423013757.35,36255,502373,28.07,10,2018,374.05665292095074,-0.016494845360824795,Slight or No change
362,IGL,EQ,2018-10-24,238.5,241.0,252.0,240.1,        252.00,249.85,245.69,2215290,544280336.45,23648,732946,33.09,10,2018,373.6141551198055,0.04758909853249471,Slight or No change
363,IGL,EQ,2018-10-25,249.85,247.4,256.2,246.65,        254.10,254.1,252.78,2426348,613333405.3,32527,950697,39.18,10,2018,373.14962189503495,0.0170102061236741,Slight or No change
364,IGL,EQ,2018-10-26,254.1,254.45,256.7,248.05,        250.30,250.45,251.9,1597360,402382943.45,25714,530722,33.22,10,2018,372.8364516484254,-0.01436442345533262,Slight or No change
365,IGL,EQ,2018-10-29,250.45,250.45,254.5,249.0,        252.00,250.8,251.7,881687,221924426.4,9384,70425,7.99,10,2018,372.6647687364122,0.0013974845278499348,Slight or No change
366,IGL,EQ,2018-10-30,250.8,250.8,256.9,250.25,        253.00,252.9,253.09,1119409,283314835.9,14457,177764,15.88,10,2018,372.4512352827921,0.00837320574162681,Slight or No change
367,IGL,EQ,2018-10-31,252.9,254.0,268.8,253.2,        266.00,267.3,261.44,2560873,669507605.6,49730,987728,38.57,10,2018,372.0240830729076,0.05693950177935947,Slight or No change
368,IGL,EQ,2018-11-01,267.3,268.9,293.4,263.0,        280.60,279.25,281.9,7082081,1996417711.5,62254,2346719,33.14,11,2018,370.9934215574879,0.044706322484100225,Slight or No change
369,IGL,EQ,2018-11-02,279.25,293.95,293.95,279.15,        282.20,281.85,284.74,7288744,2075395595.4,65115,1431104,19.63,11,2018,369.9857171933465,0.009310653536257929,Slight or No change
370,IGL,EQ,2018-11-05,281.85,282.2,286.5,278.0,        284.25,284.0,282.78,3586009,1014043813.45,42388,563124,15.7,11,2018,369.51014096247184,0.007628171012949991,Slight or No change
371,IGL,EQ,2018-11-06,284.0,287.0,287.7,271.3,        272.60,272.6,277.87,2254832,626555111.35,26017,564862,25.05,11,2018,369.17428108834156,-0.04014084507042248,Slight or No change
372,IGL,EQ,2018-11-07,272.6,274.95,275.6,273.15,        275.25,274.75,274.58,180085,49447891.55,3109,67010,37.21,11,2018,369.14815251237303,0.007887013939838594,Slight or No change
373,IGL,EQ,2018-11-09,274.75,275.25,280.1,271.1,        275.00,275.0,276.05,1669985,461001497.15,33308,581714,34.83,11,2018,368.90718089797787,0.0009099181073703999,Slight or No change
374,IGL,EQ,2018-11-12,275.0,277.2,278.25,271.6,        275.90,275.4,274.68,1161854,319137750.9,33118,418397,36.01,11,2018,368.74096775125815,0.001454545454545375,Slight or No change
375,IGL,EQ,2018-11-13,275.4,275.0,275.0,269.25,        271.95,272.0,272.02,3055860,831261554.4,32612,1708833,55.92,11,2018,368.290786877579,-0.012345679012345623,Slight or No change
376,IGL,EQ,2018-11-14,272.0,277.0,277.0,268.6,        269.80,270.35,271.86,2403415,653392159.1,22026,900207,37.46,11,2018,367.9336382941138,-0.006066176470588158,Slight or No change
377,IGL,EQ,2018-11-15,270.35,271.75,274.5,269.2,        270.50,271.85,271.89,2607383,708913430.55,27121,1570030,60.21,11,2018,367.55502475056454,0.005548363232846354,Slight or No change
378,IGL,EQ,2018-11-16,271.85,272.85,272.85,263.75,        268.65,267.9,267.77,1627167,435699652.5,41891,612115,37.62,11,2018,367.3105654594933,-0.014530071730734062,Slight or No change
379,IGL,EQ,2018-11-19,267.9,269.5,270.0,264.55,        266.65,266.75,266.84,1190326,317629865.0,15927,579493,48.68,11,2018,367.13043373509737,-0.0042926465098916955,Slight or No change
380,IGL,EQ,2018-11-20,266.75,265.0,270.4,262.25,        270.20,266.25,267.03,1809351,483155674.6,19885,900932,49.79,11,2018,366.8565000464933,-0.0018744142455482393,Slight or No change
381,IGL,EQ,2018-11-21,266.25,268.45,268.9,262.55,        265.80,265.75,265.38,1270471,337160277.15,14978,537752,42.33,11,2018,366.66408801018275,-0.00187793427230043,Slight or No change
382,IGL,EQ,2018-11-22,265.75,266.0,268.85,264.6,        265.60,265.3,266.81,1188918,317212467.4,12710,469944,39.53,11,2018,366.48388930181557,-0.001693320790216335,Slight or No change
383,IGL,EQ,2018-11-26,265.3,268.65,274.15,265.1,        267.60,266.7,268.56,2187171,587376414.9,25346,608420,27.82,11,2018,366.158621683681,0.005277044854881119,Slight or No change
384,IGL,EQ,2018-11-27,266.7,265.4,270.0,260.0,        268.60,268.2,264.55,2566554,678980557.6,32117,798186,31.1,11,2018,365.785343451918,0.0056242969628796935,Slight or No change
385,IGL,EQ,2018-11-28,268.2,268.2,268.4,263.1,        268.00,267.5,266.48,1210146,322481241.1,15878,517340,42.75,11,2018,365.60907015740867,-0.0026099925428784143,Slight or No change
386,IGL,EQ,2018-11-29,267.5,267.5,267.5,259.0,        261.00,260.6,262.89,1898125,499001690.5,35457,1048753,55.25,11,2018,365.3144980533934,-0.02579439252336435,Slight or No change
387,IGL,EQ,2018-11-30,260.6,261.0,264.7,259.15,        262.50,263.15,262.22,1578443,413898880.35,28691,788801,49.97,11,2018,365.0767280951932,0.0097851112816576,Slight or No change
388,IGL,EQ,2018-12-03,263.15,263.2,263.6,259.15,        261.00,261.95,261.36,3185682,832623687.4,30847,1298324,40.75,12,2018,364.5945954026673,-0.0045601368041040535,Slight or No change
389,IGL,EQ,2018-12-04,261.95,263.35,265.35,257.25,        259.10,258.8,261.51,2078347,543510481.65,21179,581865,28.0,12,2018,364.27289482167885,-0.0120251956480244,Slight or No change
390,IGL,EQ,2018-12-05,258.8,257.5,261.7,256.3,        260.35,259.1,259.37,962148,249554053.15,13587,253897,26.39,12,2018,364.12505035187013,0.0011591962905719289,Slight or No change
391,IGL,EQ,2018-12-06,259.1,257.8,259.2,250.65,        252.70,252.55,254.16,1934679,491716077.25,35233,1067195,55.16,12,2018,363.81055840583605,-0.0252798147433424,Slight or No change
392,IGL,EQ,2018-12-07,252.55,252.7,255.5,246.0,        250.00,248.3,248.7,2565181,637955816.1,37817,1213562,47.31,12,2018,363.380474513798,-0.016828350821619487,Slight or No change
393,IGL,EQ,2018-12-10,248.3,245.0,249.95,242.0,        249.45,248.95,247.11,1203224,297328653.15,14240,355455,29.54,12,2018,363.18097407948835,0.002617801047120283,Slight or No change
394,IGL,EQ,2018-12-11,248.95,241.0,251.65,241.0,        249.00,248.5,248.3,1389798,345089550.75,15801,682525,49.11,12,2018,362.9504984385282,-0.001807591885920834,Slight or No change
395,IGL,EQ,2018-12-12,248.5,249.4,253.35,248.5,        250.35,250.5,250.73,1686185,422783381.05,15732,909245,53.92,12,2018,362.6769772777524,0.008048289738430636,Slight or No change
396,IGL,EQ,2018-12-13,250.5,254.0,255.65,251.75,        254.50,254.55,253.89,1601069,406502484.9,20408,617441,38.56,12,2018,362.42782403087676,0.016167664670658777,Slight or No change
397,IGL,EQ,2018-12-14,254.55,254.0,254.3,250.65,        253.00,253.3,252.78,921778,233004271.7,17047,370241,40.17,12,2018,362.28324393467346,-0.004910626595953649,Slight or No change
398,IGL,EQ,2018-12-17,253.3,253.9,263.35,253.9,        262.00,262.25,260.41,1935941,504138940.4,19231,670585,34.64,12,2018,362.0056714653676,0.035333596525858546,Slight or No change
399,IGL,EQ,2018-12-18,262.25,263.5,263.85,258.1,        260.15,259.9,260.51,1540405,401291785.4,18263,489724,31.79,12,2018,361.78073136097373,-0.008960915157292693,Slight or No change
400,IGL,EQ,2018-12-19,259.9,262.0,264.75,261.1,        263.70,264.0,263.32,1112172,292861325.65,10777,487114,43.8,12,2018,361.62545079102824,0.015775298191612164,Slight or No change
401,IGL,EQ,2018-12-20,264.0,264.35,264.45,261.6,        264.00,263.7,263.18,670278,176401123.6,7579,337240,50.31,12,2018,361.53181821580165,-0.001136363636363713,Slight or No change
402,IGL,EQ,2018-12-21,263.7,264.0,268.4,259.45,        260.50,260.4,263.68,1452873,383092510.8,13666,596011,41.02,12,2018,361.32265142735264,-0.012514220705347023,Slight or No change
403,IGL,EQ,2018-12-24,260.4,263.0,267.1,257.1,        264.60,264.35,264.18,1362350,359905400.25,14045,575372,42.23,12,2018,361.1349473208292,0.015168970814132265,Slight or No change
404,IGL,EQ,2018-12-26,264.35,263.5,264.15,258.4,        262.80,262.5,262.32,1779257,466739409.7,11536,1099863,61.82,12,2018,360.8862284122584,-0.006998297711367618,Slight or No change
405,IGL,EQ,2018-12-27,262.5,265.9,268.2,261.0,        264.50,265.05,265.32,1289864,342232768.35,14698,504172,39.09,12,2018,360.71135662025415,0.009714285714285786,Slight or No change
406,IGL,EQ,2018-12-28,265.05,266.15,267.85,263.25,        264.55,265.1,265.79,1018418,270681779.35,16978,337650,33.15,12,2018,360.5738079374031,0.00018864365214121825,Slight or No change
407,IGL,EQ,2018-12-31,265.1,265.0,268.0,262.6,        267.25,267.25,265.01,1243836,329626657.85,19371,656406,52.77,12,2018,360.41012098790964,0.008110147114296362,Slight or No change
408,IGL,EQ,2019-01-01,267.25,268.0,274.5,267.15,        272.00,271.65,272.48,3037169,827581088.35,28315,460360,15.16,1,2019,360.03160057743867,0.016463985032740824,Slight or No change
409,IGL,EQ,2019-01-02,271.65,271.6,276.75,269.85,        275.00,275.35,274.41,2507973,688212248.05,24004,1151857,45.93,1,2019,359.7344423904114,0.013620467513344447,Slight or No change
410,IGL,EQ,2019-01-03,275.35,275.25,276.0,272.1,        274.20,274.3,274.21,1285361,352461384.75,24964,528971,41.15,1,2019,359.58106775863223,-0.0038133284910114584,Slight or No change
411,IGL,EQ,2019-01-04,274.3,273.5,279.75,273.0,        279.00,278.05,276.96,1460627,404538097.0,20759,559301,38.29,1,2019,359.41508124157514,0.013671162960262384,Slight or No change
412,IGL,EQ,2019-01-07,278.05,279.95,280.0,272.0,        272.95,273.55,275.12,690779,190043896.55,12750,222390,32.19,1,2019,359.3324873139646,-0.0161841395432476,Slight or No change
413,IGL,EQ,2019-01-08,273.55,273.9,274.9,270.0,        270.95,270.55,271.45,577551,156774071.85,7432,249345,43.17,1,2019,359.2611427445729,-0.010966916468652887,Slight or No change
414,IGL,EQ,2019-01-09,270.55,272.95,273.0,265.1,        265.70,266.2,267.61,1275758,341400495.55,18412,643204,50.42,1,2019,359.0962468885088,-0.016078358898540146,Slight or No change
415,IGL,EQ,2019-01-10,266.2,265.8,268.0,265.25,        266.50,266.5,266.91,434905,116082170.45,5249,142766,32.83,1,2019,359.04034858956646,0.001126972201352494,Slight or No change
416,IGL,EQ,2019-01-11,266.5,268.7,271.55,265.15,        270.25,270.75,268.9,1275857,343078449.9,20184,416084,32.61,1,2019,358.8842648742406,0.015947467166979257,Slight or No change
417,IGL,EQ,2019-01-14,270.75,268.55,273.1,266.45,        271.05,271.65,269.78,924818,249500096.7,13477,374231,40.47,1,2019,358.77262236859036,0.003324099722991525,Slight or No change
418,IGL,EQ,2019-01-15,271.65,271.05,274.8,269.35,        271.85,272.35,272.8,982322,267977970.65,8442,487767,49.65,1,2019,358.65530088748665,0.002576845205227496,Slight or No change
419,IGL,EQ,2019-01-16,272.35,271.0,276.0,271.0,        274.10,274.7,274.19,1045674,286716299.1,13727,429751,41.1,1,2019,358.5341536486628,0.008628602900679239,Slight or No change
420,IGL,EQ,2019-01-17,274.7,275.8,277.95,271.45,        277.05,277.2,275.41,2873245,791319209.15,21949,1963324,68.33,1,2019,358.21293841585333,0.009100837277029594,Slight or No change
421,IGL,EQ,2019-01-18,277.2,277.0,284.3,276.3,        280.30,280.45,280.9,3398533,954659190.5,33655,1415430,41.65,1,2019,357.85136985619,0.011724386724386804,Slight or No change
422,IGL,EQ,2019-01-21,280.45,281.5,288.7,280.0,        285.20,287.05,285.6,2464315,703817950.2,22056,971426,39.42,1,2019,357.6134653728526,0.023533606703512344,Slight or No change
423,IGL,EQ,2019-01-22,287.05,286.9,286.9,279.1,        280.50,282.8,282.11,1002095,282699988.15,15856,394974,39.41,1,2019,357.51138073245335,-0.014805782964640302,Slight or No change
424,IGL,EQ,2019-01-23,282.8,282.5,287.35,280.95,        285.55,285.65,285.7,840437,240113577.65,19697,277572,33.03,1,2019,357.42923675341234,0.010077793493634912,Slight or No change
425,IGL,EQ,2019-01-24,285.65,286.5,288.6,281.6,        282.95,282.9,284.1,950999,270182501.95,14482,337212,35.46,1,2019,357.33296023724444,-0.00962716611237524,Slight or No change
426,IGL,EQ,2019-01-25,282.9,282.9,283.75,270.0,        274.05,272.6,275.06,1834287,504543570.75,29208,845699,46.11,1,2019,357.1223630573376,-0.03640862495581465,Slight or No change
427,IGL,EQ,2019-01-28,272.6,272.5,276.8,267.6,        272.40,272.65,273.27,1658193,453129045.0,29401,890006,53.67,1,2019,356.9329944790809,0.0001834189288332233,Slight or No change
428,IGL,EQ,2019-01-29,272.65,272.5,274.35,268.0,        271.95,271.45,271.88,1214948,330316864.55,32249,693435,57.08,1,2019,356.7928155123207,-0.0044012470199890075,Slight or No change
429,IGL,EQ,2019-01-30,271.45,270.1,280.0,265.8,        278.20,278.6,274.13,1837149,503623693.0,36782,977052,53.18,1,2019,356.59940454148284,0.026340025787437993,Slight or No change
430,IGL,EQ,2019-01-31,278.6,278.55,287.45,275.3,        282.90,283.55,281.84,4444978,1252762155.3,82483,3124754,70.3,1,2019,356.1648294696779,0.01776740847092606,Slight or No change
431,IGL,EQ,2019-02-01,283.55,283.55,289.85,283.55,        286.90,286.9,287.53,3907907,1123647905.0,26166,3126217,80.0,2,2019,355.8044417754559,0.011814494798095376,Slight or No change
432,IGL,EQ,2019-02-04,286.9,283.65,299.35,283.65,        294.70,294.7,295.48,4676414,1381780234.7,86885,1888227,40.38,2,2019,355.4263449264618,0.0271871732310911,Slight or No change
433,IGL,EQ,2019-02-05,294.7,295.95,311.4,294.75,        303.25,305.55,302.31,5953961,1799935478.15,65590,2250398,37.8,2,2019,355.0364838231309,0.03681710213776723,Slight or No change
434,IGL,EQ,2019-02-06,305.55,303.0,305.0,297.25,        299.65,299.7,301.69,3868551,1167119612.7,43186,1626595,42.05,2,2019,354.75686326787456,-0.019145802650957333,Slight or No change
435,IGL,EQ,2019-02-07,299.7,296.0,309.4,292.6,        300.60,301.15,304.41,5449725,1658946120.55,60985,2335226,42.85,2,2019,354.37796410097616,0.004838171504838229,Slight or No change
436,IGL,EQ,2019-02-08,301.15,301.0,303.5,283.25,        286.45,286.45,290.43,2951805,857283057.25,77501,1086879,36.82,2,2019,354.1189010627853,-0.04881288394487793,Slight or No change
437,IGL,EQ,2019-02-11,286.45,284.1,292.0,270.15,        275.40,273.85,279.5,3106822,868366070.7,65129,1181859,38.04,2,2019,353.79798379973414,-0.04398673415953902,Slight or No change
438,IGL,EQ,2019-02-12,273.85,276.0,276.7,257.6,        271.80,269.3,263.72,7301736,1925601983.8,96974,2313419,31.68,2,2019,353.01140874744243,-0.01661493518349466,Slight or No change
439,IGL,EQ,2019-02-13,269.3,271.95,276.9,268.7,        272.75,273.55,274.01,2284190,625884968.4,33782,978282,42.83,2,2019,352.7806844520505,0.015781656145562595,Slight or No change
440,IGL,EQ,2019-02-14,273.55,270.05,284.45,270.05,        281.60,282.1,280.22,2548096,714018469.5,37642,892488,35.03,2,2019,352.55248377064646,0.0312557119356609,Slight or No change
441,IGL,EQ,2019-02-15,282.1,281.9,284.05,276.0,        282.10,282.55,280.63,1938520,543997518.25,22373,880530,45.42,2,2019,352.38096221115575,0.0015951790145338762,Slight or No change
442,IGL,EQ,2019-02-18,282.55,281.0,287.75,278.7,        286.95,285.0,285.53,4651185,1328040926.0,71259,3075615,66.13,2,2019,351.98714917297946,0.008671031675809626,Slight or No change
443,IGL,EQ,2019-02-19,285.0,286.0,286.75,280.9,        281.50,282.1,283.65,1080266,306418459.4,21775,300553,27.82,2,2019,351.8924103090157,-0.010175438596491171,Slight or No change
444,IGL,EQ,2019-02-20,282.1,282.0,286.05,281.3,        285.50,284.7,283.75,1469834,417065373.35,15730,927873,63.13,2,2019,351.76870499669155,0.009216589861751112,Slight or No change
445,IGL,EQ,2019-02-21,284.7,287.0,287.0,276.85,        283.00,283.75,280.8,2829401,794492061.5,34497,1358282,48.01,2,2019,351.5284976525026,-0.0033368458025991865,Slight or No change
446,IGL,EQ,2019-02-22,283.75,284.0,289.25,283.6,        285.00,286.55,286.63,2115227,606289154.95,46603,982023,46.43,2,2019,351.3573996272855,0.009867841409691769,Slight or No change
447,IGL,EQ,2019-02-25,286.55,287.2,288.5,282.1,        288.00,287.35,285.03,1511066,430704229.35,30606,625545,41.4,2,2019,351.2372241647566,0.0027918338858838876,Slight or No change
448,IGL,EQ,2019-02-26,287.35,285.0,291.2,281.05,        289.65,288.25,287.5,1637149,470678316.1,47089,796141,48.63,2,2019,351.1093566207984,0.0031320689055158724,Slight or No change
449,IGL,EQ,2019-02-27,288.25,292.0,300.7,286.5,        289.80,289.8,292.66,2965060,867753356.4,66590,1177811,39.72,2,2019,350.884768868975,0.0053772766695576735,Slight or No change
450,IGL,EQ,2019-02-28,289.8,291.6,295.65,285.75,        292.90,292.8,290.98,2456265,714724927.8,44332,934458,38.04,2,2019,350.7090382675621,0.010351966873705987,Slight or No change
451,IGL,EQ,2019-03-01,292.8,293.0,296.05,290.75,        292.20,292.1,292.88,1386778,406156603.45,18073,697805,50.32,3,2019,350.6090980578137,-0.0023907103825135945,Slight or No change
452,IGL,EQ,2019-03-05,292.1,293.0,300.5,292.35,        299.60,299.6,298.02,1707172,508766416.3,34342,712608,41.74,3,2019,350.5022459871386,0.025676138308798446,Slight or No change
453,IGL,EQ,2019-03-06,299.6,300.0,303.0,288.5,        290.55,290.4,294.42,3113445,916650643.05,43405,1415311,45.46,3,2019,350.2735102946344,-0.03070761014686263,Slight or No change
454,IGL,EQ,2019-03-07,290.4,292.4,293.95,287.65,        290.00,289.3,290.31,1403724,407517166.0,29918,579767,41.3,3,2019,350.16906703705547,-0.0037878787878786735,Slight or No change
455,IGL,EQ,2019-03-08,289.3,289.65,294.75,287.15,        294.50,293.8,291.38,1073058,312663648.05,22383,464645,43.3,3,2019,350.09535248602504,0.015554787417905391,Slight or No change
456,IGL,EQ,2019-03-11,293.8,295.0,300.0,293.45,        297.80,298.35,297.35,1639133,487399478.85,31791,640494,39.08,3,2019,349.9921932650907,0.015486725663716783,Slight or No change
457,IGL,EQ,2019-03-12,298.35,299.15,301.9,293.5,        297.00,297.45,297.18,1629770,484327416.05,27338,803100,49.28,3,2019,349.8882498413327,-0.00301659125188547,Slight or No change
458,IGL,EQ,2019-03-13,297.45,299.9,299.9,290.35,        291.50,291.45,293.18,2797189,820068499.95,47735,2037496,72.84,3,2019,349.690503056849,-0.020171457387796243,Slight or No change
459,IGL,EQ,2019-03-14,291.45,292.45,296.25,289.3,        291.60,291.15,292.17,1050279,306859940.1,20645,478366,45.55,3,2019,349.616218232118,-0.0010293360782295258,Slight or No change
460,IGL,EQ,2019-03-15,291.15,293.0,296.0,289.5,        290.00,290.85,292.37,1268235,370789574.85,16547,685038,54.02,3,2019,349.52630957800244,-0.0010303967027304184,Slight or No change
461,IGL,EQ,2019-03-18,290.85,293.7,294.85,287.5,        290.30,289.3,290.31,1332904,386949077.2,15151,751961,56.42,3,2019,349.4296240710991,-0.005329207495272548,Slight or No change
462,IGL,EQ,2019-03-19,289.3,292.0,304.25,289.3,        301.30,300.75,295.9,4290471,1269569797.7,50709,2431768,56.68,3,2019,349.17936490121764,0.03957829243000344,Slight or No change
463,IGL,EQ,2019-03-20,300.75,302.0,307.1,301.35,        305.00,305.1,304.95,4277765,1304516852.7,50900,2140783,50.04,3,2019,348.95457868398023,0.014463840399002503,Slight or No change
464,IGL,EQ,2019-03-22,305.1,306.0,311.95,301.85,        304.55,304.65,306.38,2730607,836609907.6,39465,1254786,45.95,3,2019,348.8108267084423,-0.001474926253687503,Slight or No change
465,IGL,EQ,2019-03-25,304.65,300.0,306.0,299.8,        305.00,304.6,303.72,726951,220786967.65,18552,224818,30.93,3,2019,348.7726705357271,-0.00016412276382715696,Slight or No change
466,IGL,EQ,2019-03-26,304.6,305.5,313.85,305.25,        308.00,308.5,310.15,3035195,941354506.4,32321,976968,32.19,3,2019,348.6280713269462,0.012803676953381471,Slight or No change
467,IGL,EQ,2019-03-27,308.5,308.0,310.0,302.4,        304.05,305.65,305.82,1834035,560877076.2,20127,857431,46.75,3,2019,348.5350286465662,-0.009238249594813674,Slight or No change
468,IGL,EQ,2019-03-28,305.65,305.9,311.0,305.2,        309.00,308.35,308.47,1293818,399098997.2,19137,462397,35.74,3,2019,348.47375095638915,0.008833633240634908,Slight or No change
469,IGL,EQ,2019-03-29,308.35,308.3,310.8,303.55,        305.60,305.45,306.01,1156369,353864391.15,23319,397089,34.34,3,2019,348.4151940487891,-0.009404897032592952,Slight or No change
470,IGL,EQ,2019-04-01,305.45,308.65,310.5,305.25,        306.40,307.25,307.97,496567,152927262.5,8500,126846,25.54,4,2019,348.3911488876439,0.005892944835488745,Slight or No change
471,IGL,EQ,2019-04-02,307.25,306.4,307.65,298.4,        301.00,299.85,301.49,1678387,506012366.0,23652,788626,46.99,4,2019,348.2955032319112,-0.02408462164361258,Slight or No change
472,IGL,EQ,2019-04-03,299.85,304.0,306.5,301.7,        303.00,302.45,303.9,1442456,438367075.15,15713,499994,34.66,4,2019,348.217998612692,0.008671002167750519,Slight or No change
473,IGL,EQ,2019-04-04,302.45,304.8,309.3,300.6,        304.00,303.6,305.14,1937062,591083951.35,26426,686152,35.42,4,2019,348.1169344830842,0.0038022813688214363,Slight or No change
474,IGL,EQ,2019-04-05,303.6,303.2,307.25,302.65,        306.90,306.45,305.78,544559,166514362.75,13774,197705,36.31,4,2019,348.0904187608205,0.009387351778656017,Slight or No change
475,IGL,EQ,2019-04-08,306.45,306.3,319.0,305.25,        314.60,314.7,315.87,5135466,1622141111.65,66880,1576656,30.7,4,2019,347.89122756230995,0.026921194322075293,Slight or No change
476,IGL,EQ,2019-04-09,314.7,316.0,316.0,308.5,        310.25,310.6,311.21,1101726,342871593.65,18314,187486,17.02,4,2019,347.84356325954303,-0.013028280902446676,Slight or No change
477,IGL,EQ,2019-04-10,310.6,310.25,313.85,307.25,        310.55,311.1,310.46,1508875,468441363.5,27501,787747,52.21,4,2019,347.7793554396264,0.0016097875080489654,Slight or No change
478,IGL,EQ,2019-04-11,311.1,310.15,312.4,306.2,        307.50,307.35,309.39,785733,243099629.9,11137,266543,33.92,4,2019,347.7425992752072,-0.012054001928640257,Slight or No change
479,IGL,EQ,2019-04-12,307.35,307.9,316.0,307.9,        313.00,312.7,313.8,2974318,933339538.35,30234,813697,27.36,4,2019,347.62241433970166,0.017406865137465255,Slight or No change
480,IGL,EQ,2019-04-15,312.7,314.65,322.45,314.65,        322.00,321.8,320.51,3953743,1267215293.5,28219,1986476,50.24,4,2019,347.5052228345748,0.02910137511992339,Slight or No change
481,IGL,EQ,2019-04-16,321.8,322.0,325.25,320.05,        322.25,322.55,323.28,1710515,552968817.65,18927,656723,38.39,4,2019,347.45632075652213,0.0023306401491609563,Slight or No change
482,IGL,EQ,2019-04-18,322.55,322.0,329.75,318.65,        327.00,327.2,323.9,1894573,613646841.9,22668,1002128,52.89,4,2019,347.4124505892486,0.014416369555107611,Slight or No change
483,IGL,EQ,2019-04-22,327.2,324.0,324.4,312.15,        315.10,314.15,318.92,801712,255679636.4,15327,315064,39.3,4,2019,347.3819946375931,-0.03988386308068459,Slight or No change
484,IGL,EQ,2019-04-23,314.15,313.55,315.8,309.55,        313.00,313.1,312.97,826935,258805412.95,10654,200032,24.19,4,2019,347.3496481569107,-0.003342352379436475,Slight or No change
485,IGL,EQ,2019-04-24,313.1,312.5,315.9,304.3,        309.05,308.45,307.7,1285690,395600827.9,23168,512260,39.84,4,2019,347.29266652513627,-0.014851485148514976,Slight or No change
486,IGL,EQ,2019-04-25,308.45,309.25,315.0,307.0,        308.90,309.5,311.07,1593018,495542400.4,17413,637631,40.03,4,2019,347.2241975800664,0.0034041173609986597,Slight or No change
487,IGL,EQ,2019-04-26,309.5,310.9,314.85,307.3,        310.00,310.05,311.08,923218,287196272.35,12012,304353,32.97,4,2019,347.1852073735981,0.001777059773828693,Slight or No change
488,IGL,EQ,2019-04-30,310.05,309.5,314.35,305.55,        312.00,312.8,310.59,927423,288051871.45,16401,379532,40.92,4,2019,347.1490162693281,0.008869537171424025,Slight or No change
489,IGL,EQ,2019-05-02,312.8,312.0,317.4,308.25,        309.50,309.2,313.17,1066073,333864428.15,13748,369833,34.69,5,2019,347.1031583159627,-0.011508951406649648,Slight or No change
490,IGL,EQ,2019-05-03,309.2,310.65,312.25,307.55,        309.75,308.5,309.28,636095,196730962.2,10399,289511,45.51,5,2019,347.0753446011157,-0.0022639068564035414,Slight or No change
491,IGL,EQ,2019-05-06,308.5,308.9,309.2,304.15,        307.00,306.9,307.13,445420,136800574.55,7332,187822,42.17,5,2019,347.05508530069756,-0.005186385737439347,Slight or No change
492,IGL,EQ,2019-05-07,306.9,308.45,317.0,306.4,        307.95,308.95,313.49,2205693,691463970.75,38898,573201,25.99,5,2019,346.9601691782717,0.006679700228087393,Slight or No change
493,IGL,EQ,2019-05-08,308.95,307.95,313.9,305.9,        312.70,311.15,311.45,1678666,522818316.95,18372,779763,46.45,5,2019,346.89241124880164,0.007120893348438129,Slight or No change
494,IGL,EQ,2019-05-09,311.15,311.95,317.8,311.15,        317.80,315.75,314.45,1584395,498208438.55,14201,623102,39.33,5,2019,346.8368937041079,0.014783866302426452,Slight or No change
495,IGL,EQ,2019-05-10,315.75,316.7,321.5,309.1,        310.15,311.5,315.67,3119490,984738689.6,30810,930058,29.81,5,2019,346.71329758139836,-0.013460015835312755,Slight or No change
496,IGL,EQ,2019-05-13,311.5,310.0,311.8,293.35,        296.50,296.2,299.72,1939937,581431024.05,20960,520934,26.85,5,2019,346.6036642489478,-0.04911717495987167,Slight or No change
